Year,Month,Day,Cases,
1944,1,7,82,7/1/1944
1944,1,14,98,14/1/1944
1944,1,21,118,21/1/1944
1944,1,28,153,28/1/1944
1944,2,4,206,4/2/1944
1944,2,11,217,11/2/1944
1944,2,18,226,18/2/1944
1944,2,25,239,25/2/1944
1944,3,3,279,3/3/1944
1944,3,10,244,10/3/1944
1944,3,17,286,17/3/1944
1944,3,24,363,24/3/1944
1944,3,31,300,31/3/1944
1944,4,7,324,7/4/1944
1944,4,14,273,14/4/1944
1944,4,21,283,21/4/1944
1944,4,28,207,28/4/1944
1944,5,5,213,5/5/1944
1944,5,12,210,12/5/1944
1944,5,19,213,19/5/1944
1944,5,26,217,26/5/1944
1944,6,2,271,2/6/1944
1944,6,9,242,9/6/1944
1944,6,16,199,16/6/1944
1944,6,23,139,23/6/1944
1944,6,30,129,30/6/1944
1944,7,7,130,7/7/1944
1944,7,14,130,14/7/1944
1944,7,21,90,21/7/1944
1944,7,28,73,28/7/1944
1944,8,4,47,4/8/1944
1944,8,11,36,11/8/1944
1944,8,18,39,18/8/1944
1944,8,25,21,25/8/1944
1944,9,1,27,1/9/1944
1944,9,8,14,8/9/1944
1944,9,15,29,15/9/1944
1944,9,22,19,22/9/1944
1944,9,29,27,29/9/1944
1944,10,6,38,6/10/1944
1944,10,13,28,13/10/1944
1944,10,20,54,20/10/1944
1944,10,27,65,27/10/1944
1944,11,3,80,3/11/1944
1944,11,10,57,10/11/1944
1944,11,17,65,17/11/1944
1944,11,24,110,24/11/1944
1944,12,1,84,1/12/1944
1944,12,8,123,8/12/1944
1944,12,15,114,15/12/1944
1944,12,22,163,22/12/1944
1944,12,31,155,31/12/1944
1945,1,7,240,7/1/1945
1945,1,14,210,14/1/1945
1945,1,21,290,21/1/1945
1945,1,28,381,28/1/1945
1945,2,4,573,4/2/1945
1945,2,11,814,11/2/1945
1945,2,18,640,18/2/1945
1945,2,25,977,25/2/1945
1945,3,4,986,4/3/1945
1945,3,11,1072,11/3/1945
1945,3,18,1498,18/3/1945
1945,3,25,1601,25/3/1945
1945,4,1,1652,1/4/1945
1945,4,8,1688,8/4/1945
1945,4,15,1651,15/4/1945
1945,4,22,1314,22/4/1945
1945,4,29,1058,29/4/1945
1945,5,6,815,6/5/1945
1945,5,13,822,13/5/1945
1945,5,20,819,20/5/1945
1945,5,27,614,27/5/1945
1945,6,3,508,3/6/1945
1945,6,10,472,10/6/1945
1945,6,17,412,17/6/1945
1945,6,24,342,24/6/1945
1945,7,1,249,1/7/1945
1945,7,8,220,8/7/1945
1945,7,15,207,15/7/1945
1945,7,22,153,22/7/1945
1945,7,29,129,29/7/1945
1945,8,5,113,5/8/1945
1945,8,12,61,12/8/1945
1945,8,19,66,19/8/1945
1945,8,26,61,26/8/1945
1945,9,2,48,2/9/1945
1945,9,9,36,9/9/1945
1945,9,16,46,16/9/1945
1945,9,23,51,23/9/1945
1945,9,30,35,30/9/1945
1945,10,7,33,7/10/1945
1945,10,14,48,14/10/1945
1945,10,21,40,21/10/1945
1945,10,28,47,28/10/1945
1945,11,4,32,4/11/1945
1945,11,11,23,11/11/1945
1945,11,18,35,18/11/1945
1945,11,25,42,25/11/1945
1945,12,2,43,2/12/1945
1945,12,9,33,9/12/1945
1945,12,16,42,16/12/1945
1945,12,23,52,23/12/1945
1945,12,31,69,31/12/1945
1946,1,7,88,7/1/1946
1946,1,14,86,14/1/1946
1946,1,21,109,21/1/1946
1946,1,28,100,28/1/1946
1946,2,4,221,4/2/1946
1946,2,11,237,11/2/1946
1946,2,18,353,18/2/1946
1946,2,25,389,25/2/1946
1946,3,4,372,4/3/1946
1946,3,11,557,11/3/1946
1946,3,18,430,18/3/1946
1946,3,25,597,25/3/1946
1946,4,1,675,1/4/1946
1946,4,8,736,8/4/1946
1946,4,15,950,15/4/1946
1946,4,22,935,22/4/1946
1946,4,29,1054,29/4/1946
1946,5,6,1056,6/5/1946
1946,5,13,928,13/5/1946
1946,5,20,836,20/5/1946
1946,5,27,1034,27/5/1946
1946,6,3,967,3/6/1946
1946,6,10,1073,10/6/1946
1946,6,17,1081,17/6/1946
1946,6,24,977,24/6/1946
1946,7,1,866,1/7/1946
1946,7,8,797,8/7/1946
1946,7,15,630,15/7/1946
1946,7,22,492,22/7/1946
1946,7,29,478,29/7/1946
1946,8,5,376,5/8/1946
1946,8,12,350,12/8/1946
1946,8,19,255,19/8/1946
1946,8,26,161,26/8/1946
1946,9,2,125,2/9/1946
1946,9,9,93,9/9/1946
1946,9,16,78,16/9/1946
1946,9,23,82,23/9/1946
1946,9,30,69,30/9/1946
1946,10,7,91,7/10/1946
1946,10,14,72,14/10/1946
1946,10,21,116,21/10/1946
1946,10,28,105,28/10/1946
1946,11,4,119,4/11/1946
1946,11,11,157,11/11/1946
1946,11,18,141,18/11/1946
1946,11,25,215,25/11/1946
1946,12,2,221,2/12/1946
1946,12,9,239,9/12/1946
1946,12,16,243,16/12/1946
1946,12,23,239,23/12/1946
1946,12,31,229,31/12/1946
1947,1,6,359,6/1/1947
1947,1,13,291,13/1/1947
1947,1,20,378,20/1/1947
1947,1,27,418,27/1/1947
1947,2,3,482,3/2/1947
1947,2,10,583,10/2/1947
1947,2,17,597,17/2/1947
1947,2,24,644,24/2/1947
1947,3,2,656,2/3/1947
1947,3,9,574,9/3/1947
1947,3,16,499,16/3/1947
1947,3,23,513,23/3/1947
1947,3,30,541,30/3/1947
1947,4,6,440,6/4/1947
1947,4,13,525,13/4/1947
1947,4,20,490,20/4/1947
1947,4,27,408,27/4/1947
1947,5,3,363,3/5/1947
1947,5,10,499,10/5/1947
1947,5,17,532,17/5/1947
1947,5,24,548,24/5/1947
1947,5,31,545,31/5/1947
1947,6,7,681,7/6/1947
1947,6,14,515,14/6/1947
1947,6,21,637,21/6/1947
1947,6,28,439,28/6/1947
1947,7,4,556,4/7/1947
1947,7,11,473,11/7/1947
1947,7,18,455,18/7/1947
1947,7,25,373,25/7/1947
1947,8,1,366,1/8/1947
1947,8,8,303,8/8/1947
1947,8,15,229,15/8/1947
1947,8,22,143,22/8/1947
1947,8,29,110,29/8/1947
1947,9,4,61,4/9/1947
1947,9,11,36,11/9/1947
1947,9,18,48,18/9/1947
1947,9,25,39,25/9/1947
1947,10,2,32,2/10/1947
1947,10,9,50,9/10/1947
1947,10,16,63,16/10/1947
1947,10,23,41,23/10/1947
1947,10,30,67,30/10/1947
1947,11,5,72,5/11/1947
1947,11,12,116,12/11/1947
1947,11,19,120,19/11/1947
1947,11,26,121,26/11/1947
1947,12,3,149,3/12/1947
1947,12,10,156,10/12/1947
1947,12,17,133,17/12/1947
1947,12,24,115,24/12/1947
1947,12,31,251,31/12/1947
1948,1,7,226,7/1/1948
1948,1,14,240,14/1/1948
1948,1,21,284,21/1/1948
1948,1,28,340,28/1/1948
1948,2,4,511,4/2/1948
1948,2,11,649,11/2/1948
1948,2,18,766,18/2/1948
1948,2,25,932,25/2/1948
1948,3,3,1303,3/3/1948
1948,3,10,1257,10/3/1948
1948,3,17,1716,17/3/1948
1948,3,24,1425,24/3/1948
1948,3,31,1719,31/3/1948
1948,4,7,1809,7/4/1948
1948,4,14,1360,14/4/1948
1948,4,21,1147,21/4/1948
1948,4,28,1101,28/4/1948
1948,5,5,936,5/5/1948
1948,5,12,1040,12/5/1948
1948,5,19,994,19/5/1948
1948,5,26,1134,26/5/1948
1948,6,2,818,2/6/1948
1948,6,9,1083,9/6/1948
1948,6,16,755,16/6/1948
1948,6,23,880,23/6/1948
1948,6,30,680,30/6/1948
1948,7,7,585,7/7/1948
1948,7,14,602,14/7/1948
1948,7,21,552,21/7/1948
1948,7,28,457,28/7/1948
1948,8,4,430,4/8/1948
1948,8,11,287,11/8/1948
1948,8,18,189,18/8/1948
1948,8,25,149,25/8/1948
1948,9,1,120,1/9/1948
1948,9,8,88,8/9/1948
1948,9,15,83,15/9/1948
1948,9,22,91,22/9/1948
1948,9,29,94,29/9/1948
1948,10,6,79,6/10/1948
1948,10,13,78,13/10/1948
1948,10,20,86,20/10/1948
1948,10,27,119,27/10/1948
1948,11,3,123,3/11/1948
1948,11,10,108,10/11/1948
1948,11,17,135,17/11/1948
1948,11,24,127,24/11/1948
1948,12,1,157,1/12/1948
1948,12,8,176,8/12/1948
1948,12,15,180,15/12/1948
1948,12,22,110,22/12/1948
1948,12,31,294,31/12/1948
1949,1,7,318,7/1/1949
1949,1,14,320,14/1/1949
1949,1,21,357,21/1/1949
1949,1,28,487,28/1/1949
1949,2,4,496,4/2/1949
1949,2,11,809,11/2/1949
1949,2,18,777,18/2/1949
1949,2,25,831,25/2/1949
1949,3,4,1081,4/3/1949
1949,3,11,1034,11/3/1949
1949,3,18,1231,18/3/1949
1949,3,25,1274,25/3/1949
1949,4,1,1487,1/4/1949
1949,4,8,1753,8/4/1949
1949,4,15,1635,15/4/1949
1949,4,22,1699,22/4/1949
1949,4,29,1541,29/4/1949
1949,5,6,1170,6/5/1949
1949,5,13,1108,13/5/1949
1949,5,20,1105,20/5/1949
1949,5,27,953,27/5/1949
1949,6,3,1083,3/6/1949
1949,6,10,801,10/6/1949
1949,6,17,908,17/6/1949
1949,6,24,613,24/6/1949
1949,7,1,714,1/7/1949
1949,7,8,523,8/7/1949
1949,7,15,490,15/7/1949
1949,7,22,379,22/7/1949
1949,7,29,303,29/7/1949
1949,8,5,273,5/8/1949
1949,8,12,223,12/8/1949
1949,8,19,158,19/8/1949
1949,8,26,120,26/8/1949
1949,9,2,92,2/9/1949
1949,9,9,66,9/9/1949
1949,9,16,42,16/9/1949
1949,9,23,50,23/9/1949
1949,9,30,40,30/9/1949
1949,10,7,28,7/10/1949
1949,10,14,44,14/10/1949
1949,10,21,33,21/10/1949
1949,10,28,63,28/10/1949
1949,11,4,33,4/11/1949
1949,11,11,28,11/11/1949
1949,11,18,23,18/11/1949
1949,11,25,28,25/11/1949
1949,12,2,31,2/12/1949
1949,12,9,26,9/12/1949
1949,12,16,34,16/12/1949
1949,12,23,32,23/12/1949
1949,12,31,47,31/12/1949
1950,1,7,43,7/1/1950
1950,1,14,54,14/1/1950
1950,1,21,36,21/1/1950
1950,1,28,24,28/1/1950
1950,2,4,42,4/2/1950
1950,2,11,38,11/2/1950
1950,2,18,71,18/2/1950
1950,2,25,45,25/2/1950
1950,3,4,75,4/3/1950
1950,3,11,60,11/3/1950
1950,3,18,54,18/3/1950
1950,3,25,98,25/3/1950
1950,4,1,118,1/4/1950
1950,4,8,91,8/4/1950
1950,4,15,171,15/4/1950
1950,4,22,174,22/4/1950
1950,4,29,203,29/4/1950
1950,5,6,141,6/5/1950
1950,5,13,262,13/5/1950
1950,5,20,366,20/5/1950
1950,5,27,463,27/5/1950
1950,6,3,478,3/6/1950
1950,6,10,613,10/6/1950
1950,6,17,529,17/6/1950
1950,6,24,645,24/6/1950
1950,7,1,626,1/7/1950
1950,7,8,649,8/7/1950
1950,7,15,647,15/7/1950
1950,7,22,601,22/7/1950
1950,7,29,580,29/7/1950
1950,8,5,664,5/8/1950
1950,8,12,474,12/8/1950
1950,8,19,362,19/8/1950
1950,8,26,316,26/8/1950
1950,9,2,199,2/9/1950
1950,9,9,162,9/9/1950
1950,9,16,146,16/9/1950
1950,9,23,201,23/9/1950
1950,9,30,217,30/9/1950
1950,10,7,289,7/10/1950
1950,10,14,303,14/10/1950
1950,10,21,366,21/10/1950
1950,10,28,471,28/10/1950
1950,11,4,512,4/11/1950
1950,11,11,544,11/11/1950
1950,11,18,766,18/11/1950
1950,11,25,827,25/11/1950
1950,12,2,1210,2/12/1950
1950,12,9,1236,9/12/1950
1950,12,16,1534,16/12/1950
1950,12,23,1556,23/12/1950
1950,12,31,1922,31/12/1950
1951,1,7,2753,7/1/1951
1951,1,14,2425,14/1/1951
1951,1,21,2185,21/1/1951
1951,1,28,2210,28/1/1951
1951,2,4,2368,4/2/1951
1951,2,11,2929,11/2/1951
1951,2,18,3178,18/2/1951
1951,2,25,3746,25/2/1951
1951,3,4,3315,4/3/1951
1951,3,11,3501,11/3/1951
1951,3,18,3136,18/3/1951
1951,3,25,2518,25/3/1951
1951,4,1,2360,1/4/1951
1951,4,8,2083,8/4/1951
1951,4,15,1610,15/4/1951
1951,4,22,1211,22/4/1951
1951,4,29,1017,29/4/1951
1951,5,6,871,6/5/1951
1951,5,13,881,13/5/1951
1951,5,20,701,20/5/1951
1951,5,27,748,27/5/1951
1951,6,3,540,3/6/1951
1951,6,10,420,10/6/1951
1951,6,17,426,17/6/1951
1951,6,24,335,24/6/1951
1951,7,1,230,1/7/1951
1951,7,8,226,8/7/1951
1951,7,15,187,15/7/1951
1951,7,22,155,22/7/1951
1951,7,29,114,29/7/1951
1951,8,5,93,5/8/1951
1951,8,12,69,12/8/1951
1951,8,19,58,19/8/1951
1951,8,26,51,26/8/1951
1951,9,2,68,2/9/1951
1951,9,9,50,9/9/1951
1951,9,16,35,16/9/1951
1951,9,23,41,23/9/1951
1951,9,30,18,30/9/1951
1951,10,7,22,7/10/1951
1951,10,14,32,14/10/1951
1951,10,21,71,21/10/1951
1951,10,28,53,28/10/1951
1951,11,4,65,4/11/1951
1951,11,11,50,11/11/1951
1951,11,18,47,18/11/1951
1951,11,25,22,25/11/1951
1951,12,2,28,2/12/1951
1951,12,9,30,9/12/1951
1951,12,16,16,16/12/1951
1951,12,23,28,23/12/1951
1951,12,31,19,31/12/1951
1952,1,6,46,6/1/1952
1952,1,13,33,13/1/1952
1952,1,20,44,20/1/1952
1952,1,27,41,27/1/1952
1952,2,3,50,3/2/1952
1952,2,10,65,10/2/1952
1952,2,17,103,17/2/1952
1952,2,24,123,24/2/1952
1952,3,1,153,1/3/1952
1952,3,8,218,8/3/1952
1952,3,15,256,15/3/1952
1952,3,22,201,22/3/1952
1952,3,29,270,29/3/1952
1952,4,5,231,5/4/1952
1952,4,12,210,12/4/1952
1952,4,19,294,19/4/1952
1952,4,26,275,26/4/1952
1952,5,2,222,2/5/1952
1952,5,9,240,9/5/1952
1952,5,16,320,16/5/1952
1952,5,23,330,23/5/1952
1952,5,30,519,30/5/1952
1952,6,6,553,6/6/1952
1952,6,13,745,13/6/1952
1952,6,20,639,20/6/1952
1952,6,27,714,27/6/1952
1952,7,3,605,3/7/1952
1952,7,10,791,10/7/1952
1952,7,17,730,17/7/1952
1952,7,24,844,24/7/1952
1952,7,31,944,31/7/1952
1952,8,7,926,7/8/1952
1952,8,14,751,14/8/1952
1952,8,21,573,21/8/1952
1952,8,28,412,28/8/1952
1952,9,3,280,3/9/1952
1952,9,10,240,10/9/1952
1952,9,17,272,17/9/1952
1952,9,24,354,24/9/1952
1952,10,1,554,1/10/1952
1952,10,8,682,8/10/1952
1952,10,15,964,15/10/1952
1952,10,22,1094,22/10/1952
1952,10,29,1252,29/10/1952
1952,11,4,989,4/11/1952
1952,11,11,1208,11/11/1952
1952,11,18,1129,18/11/1952
1952,11,25,1560,25/11/1952
1952,12,2,1488,2/12/1952
1952,12,9,1404,9/12/1952
1952,12,16,1797,16/12/1952
1952,12,23,996,23/12/1952
1952,12,31,2705,31/12/1952
1953,1,7,1905,7/1/1953
1953,1,14,1777,14/1/1953
1953,1,21,1421,21/1/1953
1953,1,28,1470,28/1/1953
1953,2,4,1661,4/2/1953
1953,2,11,1507,11/2/1953
1953,2,18,1832,18/2/1953
1953,2,25,1624,25/2/1953
1953,3,4,1621,4/3/1953
1953,3,11,1371,11/3/1953
1953,3,18,1439,18/3/1953
1953,3,25,1133,25/3/1953
1953,4,1,953,1/4/1953
1953,4,8,1032,8/4/1953
1953,4,15,835,15/4/1953
1953,4,22,629,22/4/1953
1953,4,29,419,29/4/1953
1953,5,6,369,6/5/1953
1953,5,13,305,13/5/1953
1953,5,20,345,20/5/1953
1953,5,27,269,27/5/1953
1953,6,3,297,3/6/1953
1953,6,10,207,10/6/1953
1953,6,17,291,17/6/1953
1953,6,24,173,24/6/1953
1953,7,1,145,1/7/1953
1953,7,8,110,8/7/1953
1953,7,15,107,15/7/1953
1953,7,22,65,22/7/1953
1953,7,29,80,29/7/1953
1953,8,5,50,5/8/1953
1953,8,12,67,12/8/1953
1953,8,19,29,19/8/1953
1953,8,26,20,26/8/1953
1953,9,2,27,2/9/1953
1953,9,9,19,9/9/1953
1953,9,16,16,16/9/1953
1953,9,23,13,23/9/1953
1953,9,30,9,30/9/1953
1953,10,7,13,7/10/1953
1953,10,14,13,14/10/1953
1953,10,21,19,21/10/1953
1953,10,28,12,28/10/1953
1953,11,4,31,4/11/1953
1953,11,11,24,11/11/1953
1953,11,18,15,18/11/1953
1953,11,25,20,25/11/1953
1953,12,2,12,2/12/1953
1953,12,9,17,9/12/1953
1953,12,16,12,16/12/1953
1953,12,23,1,23/12/1953
1953,12,31,9,31/12/1953
1954,1,7,13,7/1/1954
1954,1,14,18,14/1/1954
1954,1,21,12,21/1/1954
1954,1,28,11,28/1/1954
1954,2,4,19,4/2/1954
1954,2,11,16,11/2/1954
1954,2,18,29,18/2/1954
1954,2,25,33,25/2/1954
1954,3,4,33,4/3/1954
1954,3,11,41,11/3/1954
1954,3,18,57,18/3/1954
1954,3,25,32,25/3/1954
1954,4,1,45,1/4/1954
1954,4,8,67,8/4/1954
1954,4,15,67,15/4/1954
1954,4,22,93,22/4/1954
1954,4,29,72,29/4/1954
1954,5,6,71,6/5/1954
1954,5,13,58,13/5/1954
1954,5,20,61,20/5/1954
1954,5,27,42,27/5/1954
1954,6,3,68,3/6/1954
1954,6,10,83,10/6/1954
1954,6,17,93,17/6/1954
1954,6,24,81,24/6/1954
1954,7,1,94,1/7/1954
1954,7,8,121,8/7/1954
1954,7,15,191,15/7/1954
1954,7,22,169,22/7/1954
1954,7,29,147,29/7/1954
1954,8,5,126,5/8/1954
1954,8,12,123,12/8/1954
1954,8,19,105,19/8/1954
1954,8,26,81,26/8/1954
1954,9,2,63,2/9/1954
1954,9,9,57,9/9/1954
1954,9,16,87,16/9/1954
1954,9,23,80,23/9/1954
1954,9,30,125,30/9/1954
1954,10,7,159,7/10/1954
1954,10,14,185,14/10/1954
1954,10,21,204,21/10/1954
1954,10,28,254,28/10/1954
1954,11,4,285,4/11/1954
1954,11,11,209,11/11/1954
1954,11,18,262,18/11/1954
1954,11,25,273,25/11/1954
1954,12,2,390,2/12/1954
1954,12,9,473,9/12/1954
1954,12,16,548,16/12/1954
1954,12,23,550,23/12/1954
1954,12,31,988,31/12/1954
1955,1,7,1004,7/1/1955
1955,1,14,791,14/1/1955
1955,1,21,656,21/1/1955
1955,1,28,1137,28/1/1955
1955,2,4,1295,4/2/1955
1955,2,11,1945,11/2/1955
1955,2,18,2402,18/2/1955
1955,2,25,2694,25/2/1955
1955,3,4,3412,4/3/1955
1955,3,11,2626,11/3/1955
1955,3,18,3685,18/3/1955
1955,3,25,3337,25/3/1955
1955,4,1,4103,1/4/1955
1955,4,8,3089,8/4/1955
1955,4,15,3291,15/4/1955
1955,4,22,2614,22/4/1955
1955,4,29,1789,29/4/1955
1955,5,6,1236,6/5/1955
1955,5,13,1063,13/5/1955
1955,5,20,962,20/5/1955
1955,5,27,923,27/5/1955
1955,6,3,792,3/6/1955
1955,6,10,932,10/6/1955
1955,6,17,496,17/6/1955
1955,6,24,506,24/6/1955
1955,7,1,342,1/7/1955
1955,7,8,380,8/7/1955
1955,7,15,272,15/7/1955
1955,7,22,192,22/7/1955
1955,7,29,166,29/7/1955
1955,8,5,130,5/8/1955
1955,8,12,124,12/8/1955
1955,8,19,82,19/8/1955
1955,8,26,76,26/8/1955
1955,9,2,58,2/9/1955
1955,9,9,38,9/9/1955
1955,9,16,22,16/9/1955
1955,9,23,24,23/9/1955
1955,9,30,32,30/9/1955
1955,10,7,29,7/10/1955
1955,10,14,41,14/10/1955
1955,10,21,33,21/10/1955
1955,10,28,33,28/10/1955
1955,11,4,28,4/11/1955
1955,11,11,36,11/11/1955
1955,11,18,30,18/11/1955
1955,11,25,29,25/11/1955
1955,12,2,22,2/12/1955
1955,12,9,20,9/12/1955
1955,12,16,13,16/12/1955
1955,12,23,15,23/12/1955
1955,12,31,22,31/12/1955
1956,1,7,26,7/1/1956
1956,1,14,26,14/1/1956
1956,1,21,20,21/1/1956
1956,1,28,22,28/1/1956
1956,2,4,26,4/2/1956
1956,2,11,51,11/2/1956
1956,2,18,61,18/2/1956
1956,2,25,49,25/2/1956
1956,3,3,76,3/3/1956
1956,3,10,54,10/3/1956
1956,3,17,56,17/3/1956
1956,3,24,66,24/3/1956
1956,3,31,76,31/3/1956
1956,4,7,75,7/4/1956
1956,4,14,114,14/4/1956
1956,4,21,83,21/4/1956
1956,4,28,80,28/4/1956
1956,5,5,94,5/5/1956
1956,5,12,166,12/5/1956
1956,5,19,206,19/5/1956
1956,5,26,249,26/5/1956
1956,6,2,316,2/6/1956
1956,6,9,317,9/6/1956
1956,6,16,282,16/6/1956
1956,6,23,280,23/6/1956
1956,6,30,374,30/6/1956
1956,7,7,305,7/7/1956
1956,7,14,329,14/7/1956
1956,7,21,287,21/7/1956
1956,7,28,363,28/7/1956
1956,8,4,258,4/8/1956
1956,8,11,225,11/8/1956
1956,8,18,245,18/8/1956
1956,8,25,186,25/8/1956
1956,9,1,172,1/9/1956
1956,9,8,104,8/9/1956
1956,9,15,98,15/9/1956
1956,9,22,85,22/9/1956
1956,9,29,100,29/9/1956
1956,10,6,140,6/10/1956
1956,10,13,146,13/10/1956
1956,10,20,190,20/10/1956
1956,10,27,195,27/10/1956
1956,11,3,193,3/11/1956
1956,11,10,232,10/11/1956
1956,11,17,220,17/11/1956
1956,11,24,314,24/11/1956
1956,12,1,266,1/12/1956
1956,12,8,390,8/12/1956
1956,12,15,397,15/12/1956
1956,12,22,397,22/12/1956
1956,12,31,438,31/12/1956
1957,1,7,798,7/1/1957
1957,1,14,674,14/1/1957
1957,1,21,680,21/1/1957
1957,1,28,682,28/1/1957
1957,2,4,971,4/2/1957
1957,2,11,1353,11/2/1957
1957,2,18,1508,18/2/1957
1957,2,25,1945,25/2/1957
1957,3,4,1876,4/3/1957
1957,3,11,2225,11/3/1957
1957,3,18,1832,18/3/1957
1957,3,25,2034,25/3/1957
1957,4,1,1724,1/4/1957
1957,4,8,2007,8/4/1957
1957,4,15,2016,15/4/1957
1957,4,22,1767,22/4/1957
1957,4,29,1780,29/4/1957
1957,5,6,1640,6/5/1957
1957,5,13,1169,13/5/1957
1957,5,20,869,20/5/1957
1957,5,27,1071,27/5/1957
1957,6,3,893,3/6/1957
1957,6,10,964,10/6/1957
1957,6,17,856,17/6/1957
1957,6,24,752,24/6/1957
1957,7,1,584,1/7/1957
1957,7,8,427,8/7/1957
1957,7,15,344,15/7/1957
1957,7,22,255,22/7/1957
1957,7,29,219,29/7/1957
1957,8,5,216,5/8/1957
1957,8,12,162,12/8/1957
1957,8,19,148,19/8/1957
1957,8,26,90,26/8/1957
1957,9,2,60,2/9/1957
1957,9,9,53,9/9/1957
1957,9,16,28,16/9/1957
1957,9,23,28,23/9/1957
1957,9,30,20,30/9/1957
1957,10,7,23,7/10/1957
1957,10,14,24,14/10/1957
1957,10,21,27,21/10/1957
1957,10,28,23,28/10/1957
1957,11,4,23,4/11/1957
1957,11,11,30,11/11/1957
1957,11,18,36,18/11/1957
1957,11,25,31,25/11/1957
1957,12,2,37,2/12/1957
1957,12,9,44,9/12/1957
1957,12,16,40,16/12/1957
1957,12,23,35,23/12/1957
1957,12,31,23,31/12/1957
1958,1,6,27,6/1/1958
1958,1,13,39,13/1/1958
1958,1,20,18,20/1/1958
1958,1,27,39,27/1/1958
1958,2,3,56,3/2/1958
1958,2,10,64,10/2/1958
1958,2,17,89,17/2/1958
1958,2,24,153,24/2/1958
1958,3,2,110,2/3/1958
1958,3,9,210,9/3/1958
1958,3,16,140,16/3/1958
1958,3,23,232,23/3/1958
1958,3,30,165,30/3/1958
1958,4,6,250,6/4/1958
1958,4,13,281,13/4/1958
1958,4,20,444,20/4/1958
1958,4,27,294,27/4/1958
1958,5,3,283,3/5/1958
1958,5,10,349,10/5/1958
1958,5,17,436,17/5/1958
1958,5,24,596,24/5/1958
1958,5,31,549,31/5/1958
1958,6,7,592,7/6/1958
1958,6,14,457,14/6/1958
1958,6,21,515,21/6/1958
1958,6,28,475,28/6/1958
1958,7,4,483,4/7/1958
1958,7,11,537,11/7/1958
1958,7,18,568,18/7/1958
1958,7,25,508,25/7/1958
1958,8,1,461,1/8/1958
1958,8,8,318,8/8/1958
1958,8,15,283,15/8/1958
1958,8,22,221,22/8/1958
1958,8,29,199,29/8/1958
1958,9,4,118,4/9/1958
1958,9,11,94,11/9/1958
1958,9,18,100,18/9/1958
1958,9,25,120,25/9/1958
1958,10,2,122,2/10/1958
1958,10,9,164,9/10/1958
1958,10,16,198,16/10/1958
1958,10,23,243,23/10/1958
1958,10,30,300,30/10/1958
1958,11,5,307,5/11/1958
1958,11,12,326,12/11/1958
1958,11,19,387,19/11/1958
1958,11,26,398,26/11/1958
1958,12,3,561,3/12/1958
1958,12,10,633,10/12/1958
1958,12,17,666,17/12/1958
1958,12,24,617,24/12/1958
1958,12,31,1466,31/12/1958
1959,1,7,1068,7/1/1959
1959,1,14,1001,14/1/1959
1959,1,21,983,21/1/1959
1959,1,28,1302,28/1/1959
1959,2,4,1438,4/2/1959
1959,2,11,1400,11/2/1959
1959,2,18,1561,18/2/1959
1959,2,25,1419,25/2/1959
1959,3,4,1360,4/3/1959
1959,3,11,1485,11/3/1959
1959,3,18,1262,18/3/1959
1959,3,25,1360,25/3/1959
1959,4,1,1388,1/4/1959
1959,4,8,1376,8/4/1959
1959,4,15,972,15/4/1959
1959,4,22,695,22/4/1959
1959,4,29,675,29/4/1959
1959,5,6,638,6/5/1959
1959,5,13,719,13/5/1959
1959,5,20,673,20/5/1959
1959,5,27,687,27/5/1959
1959,6,3,572,3/6/1959
1959,6,10,585,10/6/1959
1959,6,17,405,17/6/1959
1959,6,24,404,24/6/1959
1959,7,1,342,1/7/1959
1959,7,8,310,8/7/1959
1959,7,15,197,15/7/1959
1959,7,22,180,22/7/1959
1959,7,29,133,29/7/1959
1959,8,5,117,5/8/1959
1959,8,12,113,12/8/1959
1959,8,19,90,19/8/1959
1959,8,26,68,26/8/1959
1959,9,2,43,2/9/1959
1959,9,9,32,9/9/1959
1959,9,16,29,16/9/1959
1959,9,23,20,23/9/1959
1959,9,30,26,30/9/1959
1959,10,7,36,7/10/1959
1959,10,14,25,14/10/1959
1959,10,21,26,21/10/1959
1959,10,28,15,28/10/1959
1959,11,4,22,4/11/1959
1959,11,11,19,11/11/1959
1959,11,18,16,18/11/1959
1959,11,25,19,25/11/1959
1959,12,2,26,2/12/1959
1959,12,9,16,9/12/1959
1959,12,16,23,16/12/1959
1959,12,23,18,23/12/1959
1959,12,31,19,31/12/1959
1960,1,7,17,7/1/1960
1960,1,14,17,14/1/1960
1960,1,21,16,21/1/1960
1960,1,28,29,28/1/1960
1960,2,4,44,4/2/1960
1960,2,11,34,11/2/1960
1960,2,18,47,18/2/1960
1960,2,25,60,25/2/1960
1960,3,3,95,3/3/1960
1960,3,10,90,10/3/1960
1960,3,17,100,17/3/1960
1960,3,24,83,24/3/1960
1960,3,31,86,31/3/1960
1960,4,7,70,7/4/1960
1960,4,14,81,14/4/1960
1960,4,21,96,21/4/1960
1960,4,28,112,28/4/1960
1960,5,5,106,5/5/1960
1960,5,12,93,12/5/1960
1960,5,19,88,19/5/1960
1960,5,26,99,26/5/1960
1960,6,2,137,2/6/1960
1960,6,9,146,9/6/1960
1960,6,16,122,16/6/1960
1960,6,23,134,23/6/1960
1960,6,30,134,30/6/1960
1960,7,7,101,7/7/1960
1960,7,14,107,14/7/1960
1960,7,21,163,21/7/1960
1960,7,28,139,28/7/1960
1960,8,4,147,4/8/1960
1960,8,11,133,11/8/1960
1960,8,18,114,18/8/1960
1960,8,25,80,25/8/1960
1960,9,1,61,1/9/1960
1960,9,8,46,8/9/1960
1960,9,15,54,15/9/1960
1960,9,22,48,22/9/1960
1960,9,29,86,29/9/1960
1960,10,6,112,6/10/1960
1960,10,13,173,13/10/1960
1960,10,20,183,20/10/1960
1960,10,27,261,27/10/1960
1960,11,3,288,3/11/1960
1960,11,10,301,10/11/1960
1960,11,17,302,17/11/1960
1960,11,24,400,24/11/1960
1960,12,1,400,1/12/1960
1960,12,8,499,8/12/1960
1960,12,15,621,15/12/1960
1960,12,22,726,22/12/1960
1960,12,31,910,31/12/1960
1961,1,7,1390,7/1/1961
1961,1,14,1310,14/1/1961
1961,1,21,1087,21/1/1961
1961,1,28,1552,28/1/1961
1961,2,4,2008,4/2/1961
1961,2,11,2797,11/2/1961
1961,2,18,3204,18/2/1961
1961,2,25,3339,25/2/1961
1961,3,4,3403,4/3/1961
1961,3,11,2986,11/3/1961
1961,3,18,3032,18/3/1961
1961,3,25,2513,25/3/1961
1961,4,1,2517,1/4/1961
1961,4,8,2857,8/4/1961
1961,4,15,2391,15/4/1961
1961,4,22,1881,22/4/1961
1961,4,29,1330,29/4/1961
1961,5,6,992,6/5/1961
1961,5,13,937,13/5/1961
1961,5,20,873,20/5/1961
1961,5,27,727,27/5/1961
1961,6,3,682,3/6/1961
1961,6,10,597,10/6/1961
1961,6,17,440,17/6/1961
1961,6,24,420,24/6/1961
1961,7,1,347,1/7/1961
1961,7,8,304,8/7/1961
1961,7,15,210,15/7/1961
1961,7,22,185,22/7/1961
1961,7,29,190,29/7/1961
1961,8,5,145,5/8/1961
1961,8,12,120,12/8/1961
1961,8,19,92,19/8/1961
1961,8,26,107,26/8/1961
1961,9,2,72,2/9/1961
1961,9,9,49,9/9/1961
1961,9,16,47,16/9/1961
1961,9,23,39,23/9/1961
1961,9,30,36,30/9/1961
1961,10,7,40,7/10/1961
1961,10,14,44,14/10/1961
1961,10,21,45,21/10/1961
1961,10,28,36,28/10/1961
1961,11,4,51,4/11/1961
1961,11,11,40,11/11/1961
1961,11,18,33,18/11/1961
1961,11,25,40,25/11/1961
1961,12,2,30,2/12/1961
1961,12,9,39,9/12/1961
1961,12,16,20,16/12/1961
1961,12,23,19,23/12/1961
1961,12,31,26,31/12/1961
1962,1,7,24,7/1/1962
1962,1,14,30,14/1/1962
1962,1,21,28,21/1/1962
1962,1,28,33,28/1/1962
1962,2,4,45,4/2/1962
1962,2,11,48,11/2/1962
1962,2,18,44,18/2/1962
1962,2,25,77,25/2/1962
1962,3,4,59,4/3/1962
1962,3,11,83,11/3/1962
1962,3,18,91,18/3/1962
1962,3,25,112,25/3/1962
1962,4,1,146,1/4/1962
1962,4,8,109,8/4/1962
1962,4,15,142,15/4/1962
1962,4,22,131,22/4/1962
1962,4,29,118,29/4/1962
1962,5,6,109,6/5/1962
1962,5,13,131,13/5/1962
1962,5,20,85,20/5/1962
1962,5,27,66,27/5/1962
1962,6,3,66,3/6/1962
1962,6,10,54,10/6/1962
1962,6,17,68,17/6/1962
1962,6,24,73,24/6/1962
1962,7,1,65,1/7/1962
1962,7,8,75,8/7/1962
1962,7,15,68,15/7/1962
1962,7,22,128,22/7/1962
1962,7,29,137,29/7/1962
1962,8,5,130,5/8/1962
1962,8,12,112,12/8/1962
1962,8,19,117,19/8/1962
1962,8,26,91,26/8/1962
1962,9,2,94,2/9/1962
1962,9,9,83,9/9/1962
1962,9,16,71,16/9/1962
1962,9,23,57,23/9/1962
1962,9,30,113,30/9/1962
1962,10,7,166,7/10/1962
1962,10,14,194,14/10/1962
1962,10,21,186,21/10/1962
1962,10,28,271,28/10/1962
1962,11,4,317,4/11/1962
1962,11,11,425,11/11/1962
1962,11,18,345,18/11/1962
1962,11,25,467,25/11/1962
1962,12,2,558,2/12/1962
1962,12,9,692,9/12/1962
1962,12,16,868,16/12/1962
1962,12,23,848,23/12/1962
1962,12,31,633,31/12/1962
1963,1,7,1370,7/1/1963
1963,1,14,1103,14/1/1963
1963,1,21,820,21/1/1963
1963,1,28,877,28/1/1963
1963,2,4,901,4/2/1963
1963,2,11,1190,11/2/1963
1963,2,18,1050,18/2/1963
1963,2,25,1250,25/2/1963
1963,3,4,1121,4/3/1963
1963,3,11,1090,11/3/1963
1963,3,18,983,18/3/1963
1963,3,25,1016,25/3/1963
1963,4,1,1199,1/4/1963
1963,4,8,1287,8/4/1963
1963,4,15,1175,15/4/1963
1963,4,22,1450,22/4/1963
1963,4,29,1332,29/4/1963
1963,5,6,1102,6/5/1963
1963,5,13,756,13/5/1963
1963,5,20,713,20/5/1963
1963,5,27,672,27/5/1963
1963,6,3,775,3/6/1963
1963,6,10,663,10/6/1963
1963,6,17,862,17/6/1963
1963,6,24,588,24/6/1963
1963,7,1,571,1/7/1963
1963,7,8,477,8/7/1963
1963,7,15,471,15/7/1963
1963,7,22,457,22/7/1963
1963,7,29,503,29/7/1963
1963,8,5,338,5/8/1963
1963,8,12,231,12/8/1963
1963,8,19,183,19/8/1963
1963,8,26,175,26/8/1963
1963,9,2,77,2/9/1963
1963,9,9,74,9/9/1963
1963,9,16,43,16/9/1963
1963,9,23,45,23/9/1963
1963,9,30,48,30/9/1963
1963,10,7,37,7/10/1963
1963,10,14,38,14/10/1963
1963,10,21,27,21/10/1963
1963,10,28,43,28/10/1963
1963,11,4,38,4/11/1963
1963,11,11,56,11/11/1963
1963,11,18,48,18/11/1963
1963,11,25,36,25/11/1963
1963,12,2,54,2/12/1963
1963,12,9,49,9/12/1963
1963,12,16,29,16/12/1963
1963,12,23,39,23/12/1963
1963,12,31,16,31/12/1963
1964,1,6,39,6/1/1964
1964,1,13,37,13/1/1964
1964,1,20,38,20/1/1964
1964,1,27,39,27/1/1964
1964,2,3,56,3/2/1964
1964,2,10,79,10/2/1964
1964,2,17,70,17/2/1964
1964,2,24,65,24/2/1964
1964,3,1,74,1/3/1964
1964,3,8,86,8/3/1964
1964,3,15,105,15/3/1964
1964,3,22,143,22/3/1964
1964,3,29,148,29/3/1964
1964,4,5,143,5/4/1964
1964,4,12,121,12/4/1964
1964,4,19,125,19/4/1964
1964,4,26,100,26/4/1964
1964,5,2,110,2/5/1964
1964,5,9,147,9/5/1964
1964,5,16,179,16/5/1964
1964,5,23,175,23/5/1964
1964,5,30,239,30/5/1964
1964,6,6,229,6/6/1964
1964,6,13,256,13/6/1964
1964,6,20,235,20/6/1964
1964,6,27,330,27/6/1964
1964,7,3,327,3/7/1964
1964,7,10,375,10/7/1964
1964,7,17,318,17/7/1964
1964,7,24,423,24/7/1964
1964,7,31,512,31/7/1964
1964,8,7,408,7/8/1964
1964,8,14,347,14/8/1964
1964,8,21,260,21/8/1964
1964,8,28,187,28/8/1964
1964,9,3,180,3/9/1964
1964,9,10,149,10/9/1964
1964,9,17,160,17/9/1964
1964,9,24,132,24/9/1964
1964,10,1,132,1/10/1964
1964,10,8,194,8/10/1964
1964,10,15,238,15/10/1964
1964,10,22,247,22/10/1964
1964,10,29,299,29/10/1964
1964,11,4,316,4/11/1964
1964,11,11,469,11/11/1964
1964,11,18,539,18/11/1964
1964,11,25,563,25/11/1964
1964,12,2,679,2/12/1964
1964,12,9,695,9/12/1964
1964,12,16,810,16/12/1964
1964,12,23,666,23/12/1964
1964,12,31,1157,31/12/1964
1965,1,7,1172,7/1/1965
1965,1,14,1042,14/1/1965
1965,1,21,959,21/1/1965
1965,1,28,1071,28/1/1965
1965,2,4,1375,4/2/1965
1965,2,11,1819,11/2/1965
1965,2,18,1745,18/2/1965
1965,2,25,1848,25/2/1965
1965,3,4,1900,4/3/1965
1965,3,11,1444,11/3/1965
1965,3,18,1540,18/3/1965
1965,3,25,1089,25/3/1965
1965,4,1,3946,1/4/1965
1965,4,8,3152,8/4/1965
1965,4,15,2358,15/4/1965
1965,4,22,2431,22/4/1965
1965,4,29,2337,29/4/1965
1965,5,6,1708,6/5/1965
1965,5,13,1382,13/5/1965
1965,5,20,1101,20/5/1965
1965,5,27,991,27/5/1965
1965,6,3,959,3/6/1965
1965,6,10,773,10/6/1965
1965,6,17,855,17/6/1965
1965,6,24,710,24/6/1965
1965,7,1,629,1/7/1965
1965,7,8,529,8/7/1965
1965,7,15,494,15/7/1965
1965,7,22,417,22/7/1965
1965,7,29,398,29/7/1965
1965,8,5,424,5/8/1965
1965,8,12,288,12/8/1965
1965,8,19,249,19/8/1965
1965,8,26,183,26/8/1965
1965,9,2,136,2/9/1965
1965,9,9,120,9/9/1965
1965,9,16,113,16/9/1965
1965,9,23,99,23/9/1965
1965,9,30,101,30/9/1965
1965,10,7,141,7/10/1965
1965,10,14,135,14/10/1965
1965,10,21,164,21/10/1965
1965,10,28,170,28/10/1965
1965,11,4,261,4/11/1965
1965,11,11,184,11/11/1965
1965,11,18,153,18/11/1965
1965,11,25,133,25/11/1965
1965,12,2,151,2/12/1965
1965,12,9,185,9/12/1965
1965,12,16,140,16/12/1965
1965,12,23,185,23/12/1965
1965,12,31,228,31/12/1965
1966,1,7,242,7/1/1966
1966,1,14,269,14/1/1966
1966,1,21,205,21/1/1966
1966,1,28,249,28/1/1966
1966,2,4,383,4/2/1966
1966,2,11,388,11/2/1966
1966,2,18,397,18/2/1966
1966,2,25,427,25/2/1966
1966,3,4,376,4/3/1966
1966,3,11,477,11/3/1966
1966,3,18,392,18/3/1966
1966,3,25,418,25/3/1966
1966,4,1,533,1/4/1966
1966,4,8,387,8/4/1966
1966,4,15,510,15/4/1966
1966,4,22,605,22/4/1966
1966,4,29,525,29/4/1966
1966,5,6,459,6/5/1966
1966,5,13,429,13/5/1966
1966,5,20,456,20/5/1966
1966,5,27,621,27/5/1966
1966,6,3,479,3/6/1966
1966,6,10,752,10/6/1966
1966,6,17,609,17/6/1966
1966,6,24,714,24/6/1966
1966,7,1,717,1/7/1966
1966,7,8,839,8/7/1966
1966,7,15,781,15/7/1966
1966,7,22,812,22/7/1966
1966,7,29,855,29/7/1966
1966,8,5,978,5/8/1966
1966,8,12,965,12/8/1966
1966,8,19,828,19/8/1966
1966,8,26,600,26/8/1966
1966,9,2,403,2/9/1966
1966,9,9,401,9/9/1966
1966,9,16,327,16/9/1966
1966,9,23,340,23/9/1966
1966,9,30,344,30/9/1966
1966,10,7,449,7/10/1966
1966,10,14,694,14/10/1966
1966,10,21,889,21/10/1966
1966,10,28,1031,28/10/1966
1966,11,4,1058,4/11/1966
1966,11,11,1238,11/11/1966
1966,11,18,1343,18/11/1966
1966,11,25,1727,25/11/1966
1966,12,2,2177,2/12/1966
1966,12,9,2498,9/12/1966
1966,12,16,2527,16/12/1966
1966,12,23,2861,23/12/1966
1966,12,31,3361,31/12/1966
1967,1,7,5105,7/1/1967
1967,1,14,3994,14/1/1967
1967,1,21,3563,21/1/1967
1967,1,28,3357,28/1/1967
1967,2,4,4402,4/2/1967
1967,2,11,4967,11/2/1967
1967,2,18,5245,18/2/1967
1967,2,25,5464,25/2/1967
1967,3,4,4933,4/3/1967
1967,3,11,4084,11/3/1967
1967,3,18,3871,18/3/1967
1967,3,25,2730,25/3/1967
1967,4,1,3295,1/4/1967
1967,4,8,3034,8/4/1967
1967,4,15,2023,15/4/1967
1967,4,22,1512,22/4/1967
1967,4,29,1175,29/4/1967
1967,5,6,1087,6/5/1967
1967,5,13,912,13/5/1967
1967,5,20,937,20/5/1967
1967,5,27,887,27/5/1967
1967,6,3,622,3/6/1967
1967,6,10,652,10/6/1967
1967,6,17,511,17/6/1967
1967,6,24,419,24/6/1967
1967,7,1,342,1/7/1967
1967,7,8,388,8/7/1967
1967,7,15,359,15/7/1967
1967,7,22,281,22/7/1967
1967,7,29,198,29/7/1967
1967,8,5,291,5/8/1967
1967,8,12,190,12/8/1967
1967,8,19,185,19/8/1967
1967,8,26,110,26/8/1967
1967,9,2,78,2/9/1967
1967,9,9,75,9/9/1967
1967,9,16,70,16/9/1967
1967,9,23,49,23/9/1967
1967,9,30,79,30/9/1967
1967,10,7,53,7/10/1967
1967,10,14,72,14/10/1967
1967,10,21,67,21/10/1967
1967,10,28,77,28/10/1967
1967,11,4,77,4/11/1967
1967,11,11,51,11/11/1967
1967,11,18,51,18/11/1967
1967,11,25,47,25/11/1967
1967,12,2,48,2/12/1967
1967,12,9,51,9/12/1967
1967,12,16,40,16/12/1967
1967,12,23,31,23/12/1967
1967,12,31,22,31/12/1967
1968,1,6,47,6/1/1968
1968,1,13,35,13/1/1968
1968,1,20,32,20/1/1968
1968,1,27,38,27/1/1968
1968,2,3,39,3/2/1968
1968,2,10,51,10/2/1968
1968,2,17,60,17/2/1968
1968,2,24,48,24/2/1968
1968,3,1,50,1/3/1968
1968,3,8,71,8/3/1968
1968,3,15,95,15/3/1968
1968,3,22,113,22/3/1968
1968,3,29,118,29/3/1968
1968,4,5,138,5/4/1968
1968,4,12,132,12/4/1968
1968,4,19,107,19/4/1968
1968,4,26,172,26/4/1968
1968,5,2,150,2/5/1968
1968,5,9,162,9/5/1968
1968,5,16,155,16/5/1968
1968,5,23,221,23/5/1968
1968,5,30,292,30/5/1968
1968,6,6,260,6/6/1968
1968,6,13,333,13/6/1968
1968,6,20,325,20/6/1968
1968,6,27,317,27/6/1968
1968,7,3,317,3/7/1968
1968,7,10,396,10/7/1968
1968,7,17,413,17/7/1968
1968,7,24,387,24/7/1968
1968,7,31,498,31/7/1968
1968,8,7,456,7/8/1968
1968,8,14,428,14/8/1968
1968,8,21,320,21/8/1968
1968,8,28,245,28/8/1968
1968,9,3,214,3/9/1968
1968,9,10,172,10/9/1968
1968,9,17,171,17/9/1968
1968,9,24,149,24/9/1968
1968,10,1,206,1/10/1968
1968,10,8,272,8/10/1968
1968,10,15,297,15/10/1968
1968,10,22,400,22/10/1968
1968,10,29,453,29/10/1968
1968,11,4,516,4/11/1968
1968,11,11,584,11/11/1968
1968,11,18,549,18/11/1968
1968,11,25,564,25/11/1968
1968,12,2,830,2/12/1968
1968,12,9,747,9/12/1968
1968,12,16,859,16/12/1968
1968,12,23,497,23/12/1968
1968,12,31,1396,31/12/1968
1969,1,7,1267,7/1/1969
1969,1,14,968,14/1/1969
1969,1,21,830,21/1/1969
1969,1,28,729,28/1/1969
1969,2,4,1234,4/2/1969
1969,2,11,1168,11/2/1969
1969,2,18,1217,18/2/1969
1969,2,25,1229,25/2/1969
1969,3,4,1174,4/3/1969
1969,3,11,1197,11/3/1969
1969,3,18,1157,18/3/1969
1969,3,25,1173,25/3/1969
1969,4,1,895,1/4/1969
1969,4,8,1021,8/4/1969
1969,4,15,1138,15/4/1969
1969,4,22,985,22/4/1969
1969,4,29,845,29/4/1969
1969,5,6,808,6/5/1969
1969,5,13,857,13/5/1969
1969,5,20,904,20/5/1969
1969,5,27,784,27/5/1969
1969,6,3,915,3/6/1969
1969,6,10,756,10/6/1969
1969,6,17,729,17/6/1969
1969,6,24,606,24/6/1969
1969,7,1,621,1/7/1969
1969,7,8,611,8/7/1969
1969,7,15,513,15/7/1969
1969,7,22,496,22/7/1969
1969,7,29,428,29/7/1969
1969,8,5,365,5/8/1969
1969,8,12,270,12/8/1969
1969,8,19,219,19/8/1969
1969,8,26,139,26/8/1969
1969,9,2,101,2/9/1969
1969,9,9,99,9/9/1969
1969,9,16,106,16/9/1969
1969,9,23,97,23/9/1969
1969,9,30,93,30/9/1969
1969,10,7,85,7/10/1969
1969,10,14,109,14/10/1969
1969,10,21,125,21/10/1969
1969,10,28,98,28/10/1969
1969,11,4,118,4/11/1969
1969,11,11,112,11/11/1969
1969,11,18,88,18/11/1969
1969,11,25,96,25/11/1969
1969,12,2,100,2/12/1969
1969,12,9,100,9/12/1969
1969,12,16,134,16/12/1969
1969,12,23,78,23/12/1969
1969,12,31,189,31/12/1969
1970,1,7,156,7/1/1970
1970,1,14,113,14/1/1970
1970,1,21,180,21/1/1970
1970,1,28,207,28/1/1970
1970,2,4,251,4/2/1970
1970,2,11,292,11/2/1970
1970,2,18,299,18/2/1970
1970,2,25,367,25/2/1970
1970,3,4,305,4/3/1970
1970,3,11,286,11/3/1970
1970,3,18,303,18/3/1970
1970,3,25,309,25/3/1970
1970,4,1,361,1/4/1970
1970,4,8,441,8/4/1970
1970,4,15,352,15/4/1970
1970,4,22,317,22/4/1970
1970,4,29,271,29/4/1970
1970,5,6,340,6/5/1970
1970,5,13,334,13/5/1970
1970,5,20,482,20/5/1970
1970,5,27,553,27/5/1970
1970,6,3,701,3/6/1970
1970,6,10,676,10/6/1970
1970,6,17,684,17/6/1970
1970,6,24,637,24/6/1970
1970,7,1,743,1/7/1970
1970,7,8,767,8/7/1970
1970,7,15,922,15/7/1970
1970,7,22,959,22/7/1970
1970,7,29,891,29/7/1970
1970,8,5,988,5/8/1970
1970,8,12,887,12/8/1970
1970,8,19,792,19/8/1970
1970,8,26,551,26/8/1970
1970,9,2,358,2/9/1970
1970,9,9,417,9/9/1970
1970,9,16,301,16/9/1970
1970,9,23,318,23/9/1970
1970,9,30,373,30/9/1970
1970,10,7,496,7/10/1970
1970,10,14,529,14/10/1970
1970,10,21,726,21/10/1970
1970,10,28,566,28/10/1970
1970,11,4,684,4/11/1970
1970,11,11,761,11/11/1970
1970,11,18,699,18/11/1970
1970,11,25,741,25/11/1970
1970,12,2,1019,2/12/1970
1970,12,9,892,9/12/1970
1970,12,16,1009,16/12/1970
1970,12,23,869,23/12/1970
1970,12,31,1202,31/12/1970
1971,1,7,1091,7/1/1971
1971,1,14,838,14/1/1971
1971,1,21,454,21/1/1971
1971,1,28,219,28/1/1971
1971,2,4,346,4/2/1971
1971,2,11,597,11/2/1971
1971,2,18,609,18/2/1971
1971,2,25,671,25/2/1971
1971,3,4,796,4/3/1971
1971,3,11,1250,11/3/1971
1971,3,18,1403,18/3/1971
1971,3,25,1016,25/3/1971
1971,4,1,922,1/4/1971
1971,4,8,558,8/4/1971
1971,4,15,704,15/4/1971
1971,4,22,781,22/4/1971
1971,4,29,674,29/4/1971
1971,5,6,478,6/5/1971
1971,5,13,312,13/5/1971
1971,5,20,430,20/5/1971
1971,5,27,365,27/5/1971
1971,6,3,304,3/6/1971
1971,6,10,379,10/6/1971
1971,6,17,362,17/6/1971
1971,6,24,399,24/6/1971
1971,7,1,419,1/7/1971
1971,7,8,344,8/7/1971
1971,7,15,350,15/7/1971
1971,7,22,248,22/7/1971
1971,7,29,265,29/7/1971
1971,8,5,248,5/8/1971
1971,8,12,176,12/8/1971
1971,8,19,138,19/8/1971
1971,8,26,109,26/8/1971
1971,9,2,80,2/9/1971
1971,9,9,92,9/9/1971
1971,9,16,59,16/9/1971
1971,9,23,53,23/9/1971
1971,9,30,35,30/9/1971
1971,10,7,32,7/10/1971
1971,10,14,50,14/10/1971
1971,10,21,49,21/10/1971
1971,10,28,78,28/10/1971
1971,11,4,62,4/11/1971
1971,11,11,99,11/11/1971
1971,11,18,64,18/11/1971
1971,11,25,94,25/11/1971
1971,12,2,94,2/12/1971
1971,12,9,125,9/12/1971
1971,12,16,122,16/12/1971
1971,12,23,139,23/12/1971
1971,12,31,120,31/12/1971
1972,1,7,152,7/1/1972
1972,1,14,112,14/1/1972
1972,1,21,83,21/1/1972
1972,1,28,87,28/1/1972
1972,2,4,98,4/2/1972
1972,2,11,113,11/2/1972
1972,2,18,133,18/2/1972
1972,2,25,157,25/2/1972
1972,3,3,186,3/3/1972
1972,3,10,216,10/3/1972
1972,3,17,191,17/3/1972
1972,3,24,203,24/3/1972
1972,3,31,192,31/3/1972
1972,4,7,173,7/4/1972
1972,4,14,213,14/4/1972
1972,4,21,189,21/4/1972
1972,4,28,154,28/4/1972
1972,5,5,142,5/5/1972
1972,5,12,195,12/5/1972
1972,5,19,179,19/5/1972
1972,5,26,197,26/5/1972
1972,6,2,192,2/6/1972
1972,6,9,266,9/6/1972
1972,6,16,249,16/6/1972
1972,6,23,271,23/6/1972
1972,6,30,255,30/6/1972
1972,7,7,328,7/7/1972
1972,7,14,369,14/7/1972
1972,7,21,400,21/7/1972
1972,7,28,361,28/7/1972
1972,8,4,376,4/8/1972
1972,8,11,343,11/8/1972
1972,8,18,262,18/8/1972
1972,8,25,147,25/8/1972
1972,9,1,121,1/9/1972
1972,9,8,129,8/9/1972
1972,9,15,111,15/9/1972
1972,9,22,92,22/9/1972
1972,9,29,92,29/9/1972
1972,10,6,130,6/10/1972
1972,10,13,183,13/10/1972
1972,10,20,207,20/10/1972
1972,10,27,263,27/10/1972
1972,11,3,298,3/11/1972
1972,11,10,315,10/11/1972
1972,11,17,334,17/11/1972
1972,11,24,264,24/11/1972
1972,12,1,332,1/12/1972
1972,12,8,331,8/12/1972
1972,12,15,318,15/12/1972
1972,12,22,404,22/12/1972
1972,12,31,262,31/12/1972
1973,1,7,636,7/1/1973
1973,1,14,573,14/1/1973
1973,1,21,388,21/1/1973
1973,1,28,392,28/1/1973
1973,2,4,440,4/2/1973
1973,2,11,577,11/2/1973
1973,2,18,627,18/2/1973
1973,2,25,711,25/2/1973
1973,3,4,819,4/3/1973
1973,3,11,782,11/3/1973
1973,3,18,939,18/3/1973
1973,3,25,1051,25/3/1973
1973,4,1,967,1/4/1973
1973,4,8,1063,8/4/1973
1973,4,15,889,15/4/1973
1973,4,22,823,22/4/1973
1973,4,29,935,29/4/1973
1973,5,6,862,6/5/1973
1973,5,13,621,13/5/1973
1973,5,20,508,20/5/1973
1973,5,27,681,27/5/1973
1973,6,3,560,3/6/1973
1973,6,10,705,10/6/1973
1973,6,17,555,17/6/1973
1973,6,24,557,24/6/1973
1973,7,1,509,1/7/1973
1973,7,8,577,8/7/1973
1973,7,15,447,15/7/1973
1973,7,22,479,22/7/1973
1973,7,29,396,29/7/1973
1973,8,5,432,5/8/1973
1973,8,12,427,12/8/1973
1973,8,19,329,19/8/1973
1973,8,26,213,26/8/1973
1973,9,2,153,2/9/1973
1973,9,9,123,9/9/1973
1973,9,16,96,16/9/1973
1973,9,23,67,23/9/1973
1973,9,30,88,30/9/1973
1973,10,7,93,7/10/1973
1973,10,14,111,14/10/1973
1973,10,21,109,21/10/1973
1973,10,28,102,28/10/1973
1973,11,4,132,4/11/1973
1973,11,11,76,11/11/1973
1973,11,18,155,18/11/1973
1973,11,25,132,25/11/1973
1973,12,2,115,2/12/1973
1973,12,9,120,9/12/1973
1973,12,16,118,16/12/1973
1973,12,23,149,23/12/1973
1973,12,31,76,31/12/1973
1974,1,6,135,6/1/1974
1974,1,13,140,13/1/1974
1974,1,20,129,20/1/1974
1974,1,27,117,27/1/1974
1974,2,3,118,3/2/1974
1974,2,10,131,10/2/1974
1974,2,17,221,17/2/1974
1974,2,24,233,24/2/1974
1974,3,2,230,2/3/1974
1974,3,9,247,9/3/1974
1974,3,16,213,16/3/1974
1974,3,23,291,23/3/1974
1974,3,30,287,30/3/1974
1974,4,6,269,6/4/1974
1974,4,13,238,13/4/1974
1974,4,20,249,20/4/1974
1974,4,27,250,27/4/1974
1974,5,3,263,3/5/1974
1974,5,10,162,10/5/1974
1974,5,17,164,17/5/1974
1974,5,24,233,24/5/1974
1974,5,31,180,31/5/1974
1974,6,7,236,7/6/1974
1974,6,14,209,14/6/1974
1974,6,21,208,21/6/1974
1974,6,28,201,28/6/1974
1974,7,4,258,4/7/1974
1974,7,11,213,11/7/1974
1974,7,18,241,18/7/1974
1974,7,25,240,25/7/1974
1974,8,1,202,1/8/1974
1974,8,8,153,8/8/1974
1974,8,15,145,15/8/1974
1974,8,22,103,22/8/1974
1974,8,29,48,29/8/1974
1974,9,4,72,4/9/1974
1974,9,11,42,11/9/1974
1974,9,18,53,18/9/1974
1974,9,25,71,25/9/1974
1974,10,2,94,2/10/1974
1974,10,9,88,9/10/1974
1974,10,16,106,16/10/1974
1974,10,23,131,23/10/1974
1974,10,30,140,30/10/1974
1974,11,5,185,5/11/1974
1974,11,12,127,12/11/1974
1974,11,19,144,19/11/1974
1974,11,26,117,26/11/1974
1974,12,3,185,3/12/1974
1974,12,10,154,10/12/1974
1974,12,17,175,17/12/1974
1974,12,24,111,24/12/1974
1974,12,31,260,31/12/1974
1975,1,7,348,7/1/1975
1975,1,14,232,14/1/1975
1975,1,21,258,21/1/1975
1975,1,28,256,28/1/1975
1975,2,4,310,4/2/1975
1975,2,11,311,11/2/1975
1975,2,18,419,18/2/1975
1975,2,25,475,25/2/1975
1975,3,4,397,4/3/1975
1975,3,11,399,11/3/1975
1975,3,18,514,18/3/1975
1975,3,25,537,25/3/1975
1975,4,1,372,1/4/1975
1975,4,8,592,8/4/1975
1975,4,15,468,15/4/1975
1975,4,22,416,22/4/1975
1975,4,29,357,29/4/1975
1975,5,6,425,6/5/1975
1975,5,13,561,13/5/1975
1975,5,20,529,20/5/1975
1975,5,27,593,27/5/1975
1975,6,3,778,3/6/1975
1975,6,10,617,10/6/1975
1975,6,17,539,17/6/1975
1975,6,24,555,24/6/1975
1975,7,1,524,1/7/1975
1975,7,8,563,8/7/1975
1975,7,15,503,15/7/1975
1975,7,22,477,22/7/1975
1975,7,29,437,29/7/1975
1975,8,5,380,5/8/1975
1975,8,12,306,12/8/1975
1975,8,19,194,19/8/1975
1975,8,26,118,26/8/1975
1975,9,2,109,2/9/1975
1975,9,9,107,9/9/1975
1975,9,16,56,16/9/1975
1975,9,23,94,23/9/1975
1975,9,30,75,30/9/1975
1975,10,7,114,7/10/1975
1975,10,14,95,14/10/1975
1975,10,21,112,21/10/1975
1975,10,28,106,28/10/1975
1975,11,4,136,4/11/1975
1975,11,11,115,11/11/1975
1975,11,18,96,18/11/1975
1975,11,25,88,25/11/1975
1975,12,2,80,2/12/1975
1975,12,9,111,9/12/1975
1975,12,16,71,16/12/1975
1975,12,23,52,23/12/1975
1975,12,31,87,31/12/1975
1976,1,7,124,7/1/1976
1976,1,14,116,14/1/1976
1976,1,21,59,21/1/1976
1976,1,28,105,28/1/1976
1976,2,4,89,4/2/1976
1976,2,11,100,11/2/1976
1976,2,18,134,18/2/1976
1976,2,25,100,25/2/1976
1976,3,3,102,3/3/1976
1976,3,10,118,10/3/1976
1976,3,17,130,17/3/1976
1976,3,24,122,24/3/1976
1976,3,31,135,31/3/1976
1976,4,7,157,7/4/1976
1976,4,14,158,14/4/1976
1976,4,21,182,21/4/1976
1976,4,28,212,28/4/1976
1976,5,5,155,5/5/1976
1976,5,12,196,12/5/1976
1976,5,19,209,19/5/1976
1976,5,26,197,26/5/1976
1976,6,2,230,2/6/1976
1976,6,9,182,9/6/1976
1976,6,16,210,16/6/1976
1976,6,23,164,23/6/1976
1976,6,30,134,30/6/1976
1976,7,7,133,7/7/1976
1976,7,14,157,14/7/1976
1976,7,21,78,21/7/1976
1976,7,28,96,28/7/1976
1976,8,4,75,4/8/1976
1976,8,11,81,11/8/1976
1976,8,18,52,18/8/1976
1976,8,25,40,25/8/1976
1976,9,1,31,1/9/1976
1976,9,8,21,8/9/1976
1976,9,15,24,15/9/1976
1976,9,22,24,22/9/1976
1976,9,29,35,29/9/1976
1976,10,6,62,6/10/1976
1976,10,13,50,13/10/1976
1976,10,20,41,20/10/1976
1976,10,27,48,27/10/1976
1976,11,3,50,3/11/1976
1976,11,10,37,10/11/1976
1976,11,17,40,17/11/1976
1976,11,24,51,24/11/1976
1976,12,1,43,1/12/1976
1976,12,8,81,8/12/1976
1976,12,15,78,15/12/1976
1976,12,22,133,22/12/1976
1976,12,31,59,31/12/1976
1977,1,7,106,7/1/1977
1977,1,14,112,14/1/1977
1977,1,21,76,21/1/1977
1977,1,28,109,28/1/1977
1977,2,4,145,4/2/1977
1977,2,11,119,11/2/1977
1977,2,18,163,18/2/1977
1977,2,25,178,25/2/1977
1977,3,4,233,4/3/1977
1977,3,11,239,11/3/1977
1977,3,18,277,18/3/1977
1977,3,25,281,25/3/1977
1977,4,1,338,1/4/1977
1977,4,8,244,8/4/1977
1977,4,15,318,15/4/1977
1977,4,22,535,22/4/1977
1977,4,29,379,29/4/1977
1977,5,6,389,6/5/1977
1977,5,13,357,13/5/1977
1977,5,20,546,20/5/1977
1977,5,27,514,27/5/1977
1977,6,3,519,3/6/1977
1977,6,10,382,10/6/1977
1977,6,17,536,17/6/1977
1977,6,24,621,24/6/1977
1977,7,1,568,1/7/1977
1977,7,8,777,8/7/1977
1977,7,15,821,15/7/1977
1977,7,22,729,22/7/1977
1977,7,29,708,29/7/1977
1977,8,5,748,5/8/1977
1977,8,12,660,12/8/1977
1977,8,19,488,19/8/1977
1977,8,26,396,26/8/1977
1977,9,2,253,2/9/1977
1977,9,9,251,9/9/1977
1977,9,16,161,16/9/1977
1977,9,23,108,23/9/1977
1977,9,30,152,30/9/1977
1977,10,7,135,7/10/1977
1977,10,14,182,14/10/1977
1977,10,21,192,21/10/1977
1977,10,28,245,28/10/1977
1977,11,4,218,4/11/1977
1977,11,11,232,11/11/1977
1977,11,18,239,18/11/1977
1977,11,25,250,25/11/1977
1977,12,2,231,2/12/1977
1977,12,9,281,9/12/1977
1977,12,16,297,16/12/1977
1977,12,23,360,23/12/1977
1977,12,31,337,31/12/1977
1978,1,7,405,7/1/1978
1978,1,14,487,14/1/1978
1978,1,21,372,21/1/1978
1978,1,28,402,28/1/1978
1978,2,4,342,4/2/1978
1978,2,11,427,11/2/1978
1978,2,18,402,18/2/1978
1978,2,25,426,25/2/1978
1978,3,4,517,4/3/1978
1978,3,11,473,11/3/1978
1978,3,18,517,18/3/1978
1978,3,25,434,25/3/1978
1978,4,1,435,1/4/1978
1978,4,8,602,8/4/1978
1978,4,15,469,15/4/1978
1978,4,22,388,22/4/1978
1978,4,29,382,29/4/1978
1978,5,6,370,6/5/1978
1978,5,13,473,13/5/1978
1978,5,20,565,20/5/1978
1978,5,27,419,27/5/1978
1978,6,3,390,3/6/1978
1978,6,10,393,10/6/1978
1978,6,17,375,17/6/1978
1978,6,24,261,24/6/1978
1978,7,1,324,1/7/1978
1978,7,8,294,8/7/1978
1978,7,15,350,15/7/1978
1978,7,22,308,22/7/1978
1978,7,29,311,29/7/1978
1978,8,5,277,5/8/1978
1978,8,12,305,12/8/1978
1978,8,19,217,19/8/1978
1978,8,26,213,26/8/1978
1978,9,2,89,2/9/1978
1978,9,9,117,9/9/1978
1978,9,16,77,16/9/1978
1978,9,23,63,23/9/1978
1978,9,30,82,30/9/1978
1978,10,7,60,7/10/1978
1978,10,14,77,14/10/1978
1978,10,21,77,21/10/1978
1978,10,28,83,28/10/1978
1978,11,4,117,4/11/1978
1978,11,11,121,11/11/1978
1978,11,18,72,18/11/1978
1978,11,25,122,25/11/1978
1978,12,2,93,2/12/1978
1978,12,9,86,9/12/1978
1978,12,16,96,16/12/1978
1978,12,23,85,23/12/1978
1978,12,31,62,31/12/1978
1979,1,7,109,7/1/1979
1979,1,14,122,14/1/1979
1979,1,21,71,21/1/1979
1979,1,28,83,28/1/1979
1979,2,4,83,4/2/1979
1979,2,11,107,11/2/1979
1979,2,18,103,18/2/1979
1979,2,25,107,25/2/1979
1979,3,4,121,4/3/1979
1979,3,11,102,11/3/1979
1979,3,18,135,18/3/1979
1979,3,25,80,25/3/1979
1979,4,1,91,1/4/1979
1979,4,8,127,8/4/1979
1979,4,15,99,15/4/1979
1979,4,22,124,22/4/1979
1979,4,29,180,29/4/1979
1979,5,6,169,6/5/1979
1979,5,13,132,13/5/1979
1979,5,20,177,20/5/1979
1979,5,27,153,27/5/1979
1979,6,3,115,3/6/1979
1979,6,10,144,10/6/1979
1979,6,17,197,17/6/1979
1979,6,24,209,24/6/1979
1979,7,1,202,1/7/1979
1979,7,8,160,8/7/1979
1979,7,15,171,15/7/1979
1979,7,22,220,22/7/1979
1979,7,29,234,29/7/1979
1979,8,5,219,5/8/1979
1979,8,12,247,12/8/1979
1979,8,19,220,19/8/1979
1979,8,26,137,26/8/1979
1979,9,2,103,2/9/1979
1979,9,9,98,9/9/1979
1979,9,16,81,16/9/1979
1979,9,23,101,23/9/1979
1979,9,30,77,30/9/1979
1979,10,7,107,7/10/1979
1979,10,14,111,14/10/1979
1979,10,21,110,21/10/1979
1979,10,28,129,28/10/1979
1979,11,4,121,4/11/1979
1979,11,11,139,11/11/1979
1979,11,18,139,18/11/1979
1979,11,25,192,25/11/1979
1979,12,2,115,2/12/1979
1979,12,9,161,9/12/1979
1979,12,16,195,16/12/1979
1979,12,23,133,23/12/1979
1979,12,31,90,31/12/1979
1980,1,6,231,6/1/1980
1980,1,13,337,13/1/1980
1980,1,20,197,20/1/1980
1980,1,27,204,27/1/1980
1980,2,3,217,3/2/1980
1980,2,10,288,10/2/1980
1980,2,17,359,17/2/1980
1980,2,24,475,24/2/1980
1980,3,1,392,1/3/1980
1980,3,8,497,8/3/1980
1980,3,15,476,15/3/1980
1980,3,22,573,22/3/1980
1980,3,29,668,29/3/1980
1980,4,5,488,5/4/1980
1980,4,12,632,12/4/1980
1980,4,19,628,19/4/1980
1980,4,26,566,26/4/1980
1980,5,2,501,2/5/1980
1980,5,9,325,9/5/1980
1980,5,16,547,16/5/1980
1980,5,23,527,23/5/1980
1980,5,30,518,30/5/1980
1980,6,6,631,6/6/1980
1980,6,13,461,13/6/1980
1980,6,20,431,20/6/1980
1980,6,27,407,27/6/1980
1980,7,3,428,3/7/1980
1980,7,10,404,10/7/1980
1980,7,17,478,17/7/1980
1980,7,24,452,24/7/1980
1980,7,31,463,31/7/1980
1980,8,7,410,7/8/1980
1980,8,14,289,14/8/1980
1980,8,21,202,21/8/1980
1980,8,28,131,28/8/1980
1980,9,3,103,3/9/1980
1980,9,10,99,10/9/1980
1980,9,17,82,17/9/1980
1980,9,24,61,24/9/1980
1980,10,1,89,1/10/1980
1980,10,8,92,8/10/1980
1980,10,15,90,15/10/1980
1980,10,22,65,22/10/1980
1980,10,29,87,29/10/1980
1980,11,4,77,4/11/1980
1980,11,11,74,11/11/1980
1980,11,18,73,18/11/1980
1980,11,25,68,25/11/1980
1980,12,2,88,2/12/1980
1980,12,9,45,9/12/1980
1980,12,16,80,16/12/1980
1980,12,23,32,23/12/1980
1980,12,31,63,31/12/1980
1981,1,7,108,7/1/1981
1981,1,14,60,14/1/1981
1981,1,21,46,21/1/1981
1981,1,28,67,28/1/1981
1981,2,4,54,4/2/1981
1981,2,11,42,11/2/1981
1981,2,18,68,18/2/1981
1981,2,25,63,25/2/1981
1981,3,4,65,4/3/1981
1981,3,11,51,11/3/1981
1981,3,18,61,18/3/1981
1981,3,25,69,25/3/1981
1981,4,1,66,1/4/1981
1981,4,8,87,8/4/1981
1981,4,15,48,15/4/1981
1981,4,22,78,22/4/1981
1981,4,29,65,29/4/1981
1981,5,6,80,6/5/1981
1981,5,13,83,13/5/1981
1981,5,20,55,20/5/1981
1981,5,27,86,27/5/1981
1981,6,3,75,3/6/1981
1981,6,10,93,10/6/1981
1981,6,17,94,17/6/1981
1981,6,24,68,24/6/1981
1981,7,1,85,1/7/1981
1981,7,8,103,8/7/1981
1981,7,15,99,15/7/1981
1981,7,22,123,22/7/1981
1981,7,29,84,29/7/1981
1981,8,5,127,5/8/1981
1981,8,12,93,12/8/1981
1981,8,19,88,19/8/1981
1981,8,26,68,26/8/1981
1981,9,2,54,2/9/1981
1981,9,9,53,9/9/1981
1981,9,16,31,16/9/1981
1981,9,23,37,23/9/1981
1981,9,30,33,30/9/1981
1981,10,7,30,7/10/1981
1981,10,14,47,14/10/1981
1981,10,21,50,21/10/1981
1981,10,28,41,28/10/1981
1981,11,4,49,4/11/1981
1981,11,11,56,11/11/1981
1981,11,18,54,18/11/1981
1981,11,25,66,25/11/1981
1981,12,2,71,2/12/1981
1981,12,9,57,9/12/1981
1981,12,16,55,16/12/1981
1981,12,23,58,23/12/1981
1981,12,31,56,31/12/1981
1982,1,7,120,7/1/1982
1982,1,14,111,14/1/1982
1982,1,21,117,21/1/1982
1982,1,28,131,28/1/1982
1982,2,4,156,4/2/1982
1982,2,11,212,11/2/1982
1982,2,18,238,18/2/1982
1982,2,25,290,25/2/1982
1982,3,4,312,4/3/1982
1982,3,11,261,11/3/1982
1982,3,18,309,18/3/1982
1982,3,25,341,25/3/1982
1982,4,1,370,1/4/1982
1982,4,8,341,8/4/1982
1982,4,15,441,15/4/1982
1982,4,22,507,22/4/1982
1982,4,29,506,29/4/1982
1982,5,6,326,6/5/1982
1982,5,13,405,13/5/1982
1982,5,20,367,20/5/1982
1982,5,27,395,27/5/1982
1982,6,3,376,3/6/1982
1982,6,10,393,10/6/1982
1982,6,17,407,17/6/1982
1982,6,24,273,24/6/1982
1982,7,1,303,1/7/1982
1982,7,8,323,8/7/1982
1982,7,15,358,15/7/1982
1982,7,22,355,22/7/1982
1982,7,29,313,29/7/1982
1982,8,5,251,5/8/1982
1982,8,12,263,12/8/1982
1982,8,19,202,19/8/1982
1982,8,26,138,26/8/1982
1982,9,2,97,2/9/1982
1982,9,9,162,9/9/1982
1982,9,16,85,16/9/1982
1982,9,23,80,23/9/1982
1982,9,30,85,30/9/1982
1982,10,7,68,7/10/1982
1982,10,14,54,14/10/1982
1982,10,21,85,21/10/1982
1982,10,28,104,28/10/1982
1982,11,4,76,4/11/1982
1982,11,11,59,11/11/1982
1982,11,18,97,18/11/1982
1982,11,25,94,25/11/1982
1982,12,2,123,2/12/1982
1982,12,9,113,9/12/1982
1982,12,16,101,16/12/1982
1982,12,23,125,23/12/1982
1982,12,31,88,31/12/1982
1983,1,7,175,7/1/1983
1983,1,14,185,14/1/1983
1983,1,21,153,21/1/1983
1983,1,28,181,28/1/1983
1983,2,4,196,4/2/1983
1983,2,11,223,11/2/1983
1983,2,18,210,18/2/1983
1983,2,25,200,25/2/1983
1983,3,4,272,4/3/1983
1983,3,11,292,11/3/1983
1983,3,18,249,18/3/1983
1983,3,25,264,25/3/1983
1983,4,1,223,1/4/1983
1983,4,8,294,8/4/1983
1983,4,15,365,15/4/1983
1983,4,22,311,22/4/1983
1983,4,29,250,29/4/1983
1983,5,6,276,6/5/1983
1983,5,13,333,13/5/1983
1983,5,20,365,20/5/1983
1983,5,27,287,27/5/1983
1983,6,3,272,3/6/1983
1983,6,10,403,10/6/1983
1983,6,17,342,17/6/1983
1983,6,24,284,24/6/1983
1983,7,1,217,1/7/1983
1983,7,8,215,8/7/1983
1983,7,15,253,15/7/1983
1983,7,22,299,22/7/1983
1983,7,29,241,29/7/1983
1983,8,5,154,5/8/1983
1983,8,12,115,12/8/1983
1983,8,19,113,19/8/1983
1983,8,26,87,26/8/1983
1983,9,2,56,2/9/1983
1983,9,9,43,9/9/1983
1983,9,16,40,16/9/1983
1983,9,23,39,23/9/1983
1983,9,30,49,30/9/1983
1983,10,7,42,7/10/1983
1983,10,14,30,14/10/1983
1983,10,21,40,21/10/1983
1983,10,28,33,28/10/1983
1983,11,4,29,4/11/1983
1983,11,11,39,11/11/1983
1983,11,18,31,18/11/1983
1983,11,25,40,25/11/1983
1983,12,2,56,2/12/1983
1983,12,9,51,9/12/1983
1983,12,16,25,16/12/1983
1983,12,23,45,23/12/1983
1983,12,31,38,31/12/1983
1984,1,7,94,7/1/1984
1984,1,14,83,14/1/1984
1984,1,21,50,21/1/1984
1984,1,28,46,28/1/1984
1984,2,4,68,4/2/1984
1984,2,11,87,11/2/1984
1984,2,18,84,18/2/1984
1984,2,25,65,25/2/1984
1984,3,3,74,3/3/1984
1984,3,10,68,10/3/1984
1984,3,17,86,17/3/1984
1984,3,24,54,24/3/1984
1984,3,31,81,31/3/1984
1984,4,7,82,7/4/1984
1984,4,14,68,14/4/1984
1984,4,21,42,21/4/1984
1984,4,28,47,28/4/1984
1984,5,5,61,5/5/1984
1984,5,12,39,12/5/1984
1984,5,19,52,19/5/1984
1984,5,26,99,26/5/1984
1984,6,2,65,2/6/1984
1984,6,9,109,9/6/1984
1984,6,16,127,16/6/1984
1984,6,23,106,23/6/1984
1984,6,30,114,30/6/1984
1984,7,7,152,7/7/1984
1984,7,14,138,14/7/1984
1984,7,21,154,21/7/1984
1984,7,28,175,28/7/1984
1984,8,4,176,4/8/1984
1984,8,11,172,11/8/1984
1984,8,18,130,18/8/1984
1984,8,25,109,25/8/1984
1984,9,1,61,1/9/1984
1984,9,8,60,8/9/1984
1984,9,15,55,15/9/1984
1984,9,22,35,22/9/1984
1984,9,29,51,29/9/1984
1984,10,6,62,6/10/1984
1984,10,13,89,13/10/1984
1984,10,20,75,20/10/1984
1984,10,27,51,27/10/1984
1984,11,3,78,3/11/1984
1984,11,10,116,10/11/1984
1984,11,17,67,17/11/1984
1984,11,24,73,24/11/1984
1984,12,1,81,1/12/1984
1984,12,8,94,8/12/1984
1984,12,15,71,15/12/1984
1984,12,22,71,22/12/1984
1984,12,31,39,31/12/1984
1985,1,7,128,7/1/1985
1985,1,14,193,14/1/1985
1985,1,21,120,21/1/1985
1985,1,28,133,28/1/1985
1985,2,4,151,4/2/1985
1985,2,11,208,11/2/1985
1985,2,18,211,18/2/1985
1985,2,25,257,25/2/1985
1985,3,4,276,4/3/1985
1985,3,11,285,11/3/1985
1985,3,18,252,18/3/1985
1985,3,25,287,25/3/1985
1985,4,1,316,1/4/1985
1985,4,8,291,8/4/1985
1985,4,15,318,15/4/1985
1985,4,22,458,22/4/1985
1985,4,29,354,29/4/1985
1985,5,6,314,6/5/1985
1985,5,13,280,13/5/1985
1985,5,20,367,20/5/1985
1985,5,27,445,27/5/1985
1985,6,3,409,3/6/1985
1985,6,10,506,10/6/1985
1985,6,17,455,17/6/1985
1985,6,24,367,24/6/1985
1985,7,1,472,1/7/1985
1985,7,8,514,8/7/1985
1985,7,15,495,15/7/1985
1985,7,22,500,22/7/1985
1985,7,29,412,29/7/1985
1985,8,5,415,5/8/1985
1985,8,12,367,12/8/1985
1985,8,19,355,19/8/1985
1985,8,26,283,26/8/1985
1985,9,2,155,2/9/1985
1985,9,9,177,9/9/1985
1985,9,16,125,16/9/1985
1985,9,23,94,23/9/1985
1985,9,30,103,30/9/1985
1985,10,7,114,7/10/1985
1985,10,14,118,14/10/1985
1985,10,21,92,21/10/1985
1985,10,28,121,28/10/1985
1985,11,4,102,4/11/1985
1985,11,11,105,11/11/1985
1985,11,18,79,18/11/1985
1985,11,25,76,25/11/1985
1985,12,2,89,2/12/1985
1985,12,9,56,9/12/1985
1985,12,16,77,16/12/1985
1985,12,23,87,23/12/1985
1985,12,31,38,31/12/1985
1986,1,6,144,6/1/1986
1986,1,13,165,13/1/1986
1986,1,20,103,20/1/1986
1986,1,27,94,27/1/1986
1986,2,3,91,3/2/1986
1986,2,10,124,10/2/1986
1986,2,17,132,17/2/1986
1986,2,24,119,24/2/1986
1986,3,2,137,2/3/1986
1986,3,9,110,9/3/1986
1986,3,16,145,16/3/1986
1986,3,23,172,23/3/1986
1986,3,30,163,30/3/1986
1986,4,6,178,6/4/1986
1986,4,13,209,13/4/1986
1986,4,20,183,20/4/1986
1986,4,27,153,27/4/1986
1986,5,3,144,3/5/1986
1986,5,10,131,10/5/1986
1986,5,17,134,17/5/1986
1986,5,24,178,24/5/1986
1986,5,31,136,31/5/1986
1986,6,7,139,7/6/1986
1986,6,14,182,14/6/1986
1986,6,21,120,21/6/1986
1986,6,28,116,28/6/1986
1986,7,4,114,4/7/1986
1986,7,11,110,11/7/1986
1986,7,18,109,18/7/1986
1986,7,25,77,25/7/1986
1986,8,1,86,1/8/1986
1986,8,8,91,8/8/1986
1986,8,15,64,15/8/1986
1986,8,22,54,22/8/1986
1986,8,29,31,29/8/1986
1986,9,4,52,4/9/1986
1986,9,11,43,11/9/1986
1986,9,18,43,18/9/1986
1986,9,25,36,25/9/1986
1986,10,2,30,2/10/1986
1986,10,9,45,9/10/1986
1986,10,16,35,16/10/1986
1986,10,23,50,23/10/1986
1986,10,30,58,30/10/1986
1986,11,5,63,5/11/1986
1986,11,12,39,12/11/1986
1986,11,19,53,19/11/1986
1986,11,26,61,26/11/1986
1986,12,3,56,3/12/1986
1986,12,10,44,10/12/1986
1986,12,17,48,17/12/1986
1986,12,24,33,24/12/1986
1986,12,31,35,31/12/1986
1987,1,7,87,7/1/1987
1987,1,14,76,14/1/1987
1987,1,21,73,21/1/1987
1987,1,28,74,28/1/1987
1987,2,4,80,4/2/1987
1987,2,11,73,11/2/1987
1987,2,18,77,18/2/1987
1987,2,25,81,25/2/1987
1987,3,4,73,4/3/1987
1987,3,11,81,11/3/1987
1987,3,18,77,18/3/1987
1987,3,25,96,25/3/1987
1987,4,1,141,1/4/1987
1987,4,8,116,8/4/1987
1987,4,15,162,15/4/1987
1987,4,22,108,22/4/1987
1987,4,29,121,29/4/1987
1987,5,6,67,6/5/1987
1987,5,13,106,13/5/1987
1987,5,20,70,20/5/1987
1987,5,27,80,27/5/1987
1987,6,3,128,3/6/1987
1987,6,10,71,10/6/1987
1987,6,17,109,17/6/1987
1987,6,24,91,24/6/1987
1987,7,1,103,1/7/1987
1987,7,8,125,8/7/1987
1987,7,15,86,15/7/1987
1987,7,22,89,22/7/1987
1987,7,29,83,29/7/1987
1987,8,5,76,5/8/1987
1987,8,12,91,12/8/1987
1987,8,19,68,19/8/1987
1987,8,26,41,26/8/1987
1987,9,2,42,2/9/1987
1987,9,9,43,9/9/1987
1987,9,16,41,16/9/1987
1987,9,23,55,23/9/1987
1987,9,30,53,30/9/1987
1987,10,7,44,7/10/1987
1987,10,14,34,14/10/1987
1987,10,21,45,21/10/1987
1987,10,28,68,28/10/1987
1987,11,4,52,4/11/1987
1987,11,11,53,11/11/1987
1987,11,18,77,18/11/1987
1987,11,25,84,25/11/1987
1987,12,2,82,2/12/1987
1987,12,9,95,9/12/1987
1987,12,16,132,16/12/1987
1987,12,23,170,23/12/1987
1987,12,31,207,31/12/1987
1988,1,7,245,7/1/1988
1988,1,14,142,14/1/1988
1988,1,21,142,21/1/1988
1988,1,28,154,28/1/1988
1988,2,4,177,4/2/1988
1988,2,11,253,11/2/1988
1988,2,18,258,18/2/1988
1988,2,25,237,25/2/1988
1988,3,3,265,3/3/1988
1988,3,10,266,10/3/1988
1988,3,17,293,17/3/1988
1988,3,24,334,24/3/1988
1988,3,31,293,31/3/1988
1988,4,7,296,7/4/1988
1988,4,14,387,14/4/1988
1988,4,21,307,21/4/1988
1988,4,28,252,28/4/1988
1988,5,5,186,5/5/1988
1988,5,12,306,12/5/1988
1988,5,19,271,19/5/1988
1988,5,26,246,26/5/1988
1988,6,2,222,2/6/1988
1988,6,9,367,9/6/1988
1988,6,16,306,16/6/1988
1988,6,23,260,23/6/1988
1988,6,30,273,30/6/1988
1988,7,7,242,7/7/1988
1988,7,14,277,14/7/1988
1988,7,21,174,21/7/1988
1988,7,28,181,28/7/1988
1988,8,4,122,4/8/1988
1988,8,11,116,11/8/1988
1988,8,18,99,18/8/1988
1988,8,25,73,25/8/1988
1988,9,1,65,1/9/1988
1988,9,8,34,8/9/1988
1988,9,15,16,15/9/1988
1988,9,22,50,22/9/1988
1988,9,29,84,29/9/1988
1988,10,6,83,6/10/1988
1988,10,13,68,13/10/1988
1988,10,20,58,20/10/1988
1988,10,27,74,27/10/1988
1988,11,3,57,3/11/1988
1988,11,10,75,10/11/1988
1988,11,17,48,17/11/1988
1988,11,24,46,24/11/1988
1988,12,1,42,1/12/1988
1988,12,8,33,8/12/1988
1988,12,15,25,15/12/1988
1988,12,22,39,22/12/1988
1988,12,31,23,31/12/1988
1989,1,7,44,7/1/1989
1989,1,14,47,14/1/1989
1989,1,21,39,21/1/1989
1989,1,28,49,28/1/1989
1989,2,4,44,4/2/1989
1989,2,11,57,11/2/1989
1989,2,18,47,18/2/1989
1989,2,25,66,25/2/1989
1989,3,4,55,4/3/1989
1989,3,11,71,11/3/1989
1989,3,18,58,18/3/1989
1989,3,25,55,25/3/1989
1989,4,1,59,1/4/1989
1989,4,8,70,8/4/1989
1989,4,15,60,15/4/1989
1989,4,22,56,22/4/1989
1989,4,29,54,29/4/1989
1989,5,6,48,6/5/1989
1989,5,13,45,13/5/1989
1989,5,20,56,20/5/1989
1989,5,27,37,27/5/1989
1989,6,3,40,3/6/1989
1989,6,10,57,10/6/1989
1989,6,17,31,17/6/1989
1989,6,24,40,24/6/1989
1989,7,1,53,1/7/1989
1989,7,8,48,8/7/1989
1989,7,15,39,15/7/1989
1989,7,22,39,22/7/1989
1989,7,29,44,29/7/1989
1989,8,5,44,5/8/1989
1989,8,12,21,12/8/1989
1989,8,19,26,19/8/1989
1989,8,26,29,26/8/1989
1989,9,2,29,2/9/1989
1989,9,9,20,9/9/1989
1989,9,16,20,16/9/1989
1989,9,23,20,23/9/1989
1989,9,30,32,30/9/1989
1989,10,7,24,7/10/1989
1989,10,14,35,14/10/1989
1989,10,21,24,21/10/1989
1989,10,28,27,28/10/1989
1989,11,4,40,4/11/1989
1989,11,11,30,11/11/1989
1989,11,18,41,18/11/1989
1989,11,25,41,25/11/1989
1989,12,2,48,2/12/1989
1989,12,9,32,9/12/1989
1989,12,16,26,16/12/1989
1989,12,23,48,23/12/1989
1989,12,31,18,31/12/1989
1990,1,7,26,7/1/1990
1990,1,14,28,14/1/1990
1990,1,21,20,21/1/1990
1990,1,28,23,28/1/1990
1990,2,4,35,4/2/1990
1990,2,11,25,11/2/1990
1990,2,18,34,18/2/1990
1990,2,25,40,25/2/1990
1990,3,4,22,4/3/1990
1990,3,11,22,11/3/1990
1990,3,18,34,18/3/1990
1990,3,25,48,25/3/1990
1990,4,1,38,1/4/1990
1990,4,8,41,8/4/1990
1990,4,15,32,15/4/1990
1990,4,22,19,22/4/1990
1990,4,29,20,29/4/1990
1990,5,6,24,6/5/1990
1990,5,13,34,13/5/1990
1990,5,20,20,20/5/1990
1990,5,27,29,27/5/1990
1990,6,3,26,3/6/1990
1990,6,10,23,10/6/1990
1990,6,17,36,17/6/1990
1990,6,24,24,24/6/1990
1990,7,1,30,1/7/1990
1990,7,8,37,8/7/1990
1990,7,15,37,15/7/1990
1990,7,22,41,22/7/1990
1990,7,29,29,29/7/1990
1990,8,5,29,5/8/1990
1990,8,12,30,12/8/1990
1990,8,19,23,19/8/1990
1990,8,26,8,26/8/1990
1990,9,2,12,2/9/1990
1990,9,9,20,9/9/1990
1990,9,16,18,16/9/1990
1990,9,23,8,23/9/1990
1990,9,30,17,30/9/1990
1990,10,7,26,7/10/1990
1990,10,14,21,14/10/1990
1990,10,21,27,21/10/1990
1990,10,28,20,28/10/1990
1990,11,4,20,4/11/1990
1990,11,11,23,11/11/1990
1990,11,18,19,18/11/1990
1990,11,25,34,25/11/1990
1990,12,2,25,2/12/1990
1990,12,9,30,9/12/1990
1990,12,16,17,16/12/1990
1990,12,23,40,23/12/1990
1990,12,31,7,31/12/1990
1991,1,7,11,7/1/1991
1991,1,14,22,14/1/1991
1991,1,21,23,21/1/1991
1991,1,28,13,28/1/1991
1991,2,4,25,4/2/1991
1991,2,10,22,10/2/1991
1991,2,18,34,18/2/1991
1991,2,25,21,25/2/1991
1991,3,4,31,4/3/1991
1991,3,11,26,11/3/1991
1991,3,18,27,18/3/1991
1991,3,25,27,25/3/1991
1991,4,1,14,1/4/1991
1991,4,8,16,8/4/1991
1991,4,15,19,15/4/1991
1991,4,22,17,22/4/1991
1991,4,29,22,29/4/1991
1991,5,6,21,6/5/1991
1991,5,13,9,13/5/1991
1991,5,20,16,20/5/1991
1991,5,27,28,27/5/1991
1991,6,3,23,3/6/1991
1991,6,10,20,10/6/1991
1991,6,17,31,17/6/1991
1991,6,24,29,24/6/1991
1991,7,1,19,1/7/1991
1991,7,8,29,8/7/1991
1991,7,15,32,15/7/1991
1991,7,22,19,22/7/1991
1991,7,29,22,29/7/1991
1991,8,5,27,5/8/1991
1991,8,12,28,12/8/1991
1991,8,19,16,19/8/1991
1991,8,26,20,26/8/1991
1991,9,2,16,2/9/1991
1991,9,9,26,9/9/1991
1991,9,16,14,16/9/1991
1991,9,23,16,23/9/1991
1991,9,30,23,30/9/1991
1991,10,7,12,7/10/1991
1991,10,14,8,14/10/1991
1991,10,21,23,21/10/1991
1991,10,28,16,28/10/1991
1991,11,4,8,4/11/1991
1991,11,11,20,11/11/1991
1991,11,18,18,18/11/1991
1991,11,25,16,25/11/1991
1991,12,2,9,2/12/1991
1991,12,9,14,9/12/1991
1991,12,16,17,16/12/1991
1991,12,23,21,23/12/1991
1991,12,31,11,31/12/1991
1992,1,6,19,6/1/1992
1992,1,13,24,13/1/1992
1992,1,20,17,20/1/1992
1992,1,27,26,27/1/1992
1992,2,3,19,3/2/1992
1992,2,10,11,10/2/1992
1992,2,17,13,17/2/1992
1992,2,24,21,24/2/1992
1992,3,1,19,1/3/1992
1992,3,8,19,8/3/1992
1992,3,15,28,15/3/1992
1992,3,22,26,22/3/1992
1992,3,29,30,29/3/1992
1992,4,5,28,5/4/1992
1992,4,12,30,12/4/1992
1992,4,19,28,19/4/1992
1992,4,26,20,26/4/1992
1992,5,2,19,2/5/1992
1992,5,9,24,9/5/1992
1992,5,16,20,16/5/1992
1992,5,23,24,23/5/1992
1992,5,30,17,30/5/1992
1992,6,6,24,6/6/1992
1992,6,13,17,13/6/1992
1992,6,20,6,20/6/1992
1992,6,27,25,27/6/1992
1992,7,3,23,3/7/1992
1992,7,10,19,10/7/1992
1992,7,17,16,17/7/1992
1992,7,24,24,24/7/1992
1992,7,31,36,31/7/1992
1992,8,7,26,7/8/1992
1992,8,14,17,14/8/1992
1992,8,21,6,21/8/1992
1992,8,28,17,28/8/1992
1992,9,3,17,3/9/1992
1992,9,10,11,10/9/1992
1992,9,17,16,17/9/1992
1992,9,24,12,24/9/1992
1992,10,1,19,1/10/1992
1992,10,8,27,8/10/1992
1992,10,15,15,15/10/1992
1992,10,22,17,22/10/1992
1992,10,29,29,29/10/1992
1992,11,4,14,4/11/1992
1992,11,11,13,11/11/1992
1992,11,18,12,18/11/1992
1992,11,25,15,25/11/1992
1992,12,2,28,2/12/1992
1992,12,9,14,9/12/1992
1992,12,16,12,16/12/1992
1992,12,23,9,23/12/1992
1992,12,31,18,31/12/1992
1993,1,7,23,7/1/1993
1993,1,14,19,14/1/1993
1993,1,21,28,21/1/1993
1993,1,28,22,28/1/1993
1993,2,4,25,4/2/1993
1993,2,11,32,11/2/1993
1993,2,18,18,18/2/1993
1993,2,25,19,25/2/1993
1993,3,4,33,4/3/1993
1993,3,11,29,11/3/1993
1993,3,18,43,18/3/1993
1993,3,25,25,25/3/1993
1993,4,1,36,1/4/1993
1993,4,8,21,8/4/1993
1993,4,15,23,15/4/1993
1993,4,22,41,22/4/1993
1993,4,29,31,29/4/1993
1993,5,6,33,6/5/1993
1993,5,13,23,13/5/1993
1993,5,20,34,20/5/1993
1993,5,27,33,27/5/1993
1993,6,3,29,3/6/1993
1993,6,10,23,10/6/1993
1993,6,17,11,17/6/1993
1993,6,24,11,24/6/1993
1993,7,1,19,1/7/1993
1993,7,8,15,8/7/1993
1993,7,15,12,15/7/1993
1993,7,22,15,22/7/1993
1993,7,29,23,29/7/1993
1993,8,5,9,5/8/1993
1993,8,12,16,12/8/1993
1993,8,19,26,19/8/1993
1993,8,26,11,26/8/1993
1993,9,2,8,2/9/1993
1993,9,9,12,9/9/1993
1993,9,16,13,16/9/1993
1993,9,23,14,23/9/1993
1993,9,30,17,30/9/1993
1993,10,7,17,7/10/1993
1993,10,14,24,14/10/1993
1993,10,21,19,21/10/1993
1993,10,28,20,28/10/1993
1993,11,4,18,4/11/1993
1993,11,11,17,11/11/1993
1993,11,18,15,18/11/1993
1993,11,25,16,25/11/1993
1993,12,2,24,2/12/1993
1993,12,9,18,9/12/1993
1993,12,16,21,16/12/1993
1993,12,23,19,23/12/1993
1993,12,31,11,31/12/1993
1994,1,7,25,7/1/1994
1994,1,14,24,14/1/1994
1994,1,21,25,21/1/1994
1994,1,28,25,28/1/1994
1994,2,4,23,4/2/1994
1994,2,11,31,11/2/1994
1994,2,18,37,18/2/1994
1994,2,25,39,25/2/1994
1994,3,4,39,4/3/1994
1994,3,11,36,11/3/1994
1994,3,18,50,18/3/1994
1994,3,25,55,25/3/1994
1994,4,1,33,1/4/1994
1994,4,8,37,8/4/1994
1994,4,15,54,15/4/1994
1994,4,22,42,22/4/1994
1994,4,29,39,29/4/1994
1994,5,6,44,6/5/1994
1994,5,13,51,13/5/1994
1994,5,20,47,20/5/1994
1994,5,27,40,27/5/1994
1994,6,3,40,3/6/1994
1994,6,10,43,10/6/1994
1994,6,17,44,17/6/1994
1994,6,24,45,24/6/1994
1994,7,1,31,1/7/1994
1994,7,8,31,8/7/1994
1994,7,15,29,15/7/1994
1994,7,22,29,22/7/1994
1994,7,29,24,29/7/1994
1994,8,5,40,5/8/1994
1994,8,12,32,12/8/1994
1994,8,19,27,19/8/1994
1994,8,26,22,26/8/1994
1994,9,2,16,2/9/1994
1994,9,9,15,9/9/1994
1994,9,16,12,16/9/1994
1994,9,23,19,23/9/1994
1994,9,30,20,30/9/1994
1994,10,7,42,7/10/1994
1994,10,14,59,14/10/1994
1994,10,21,56,21/10/1994
1994,10,28,41,28/10/1994
1994,11,4,27,4/11/1994
1994,11,11,37,11/11/1994
1994,11,18,41,18/11/1994
1994,11,25,39,25/11/1994
1994,12,2,34,2/12/1994
1994,12,9,27,9/12/1994
1994,12,16,25,16/12/1994
1994,12,23,22,23/12/1994
